Date,Time,HomeTeam,AwayTeam,FTHG,FTAG,FTR,HTHG,HTAG,HTR,HS,AS,HST,AST,HC,AC,HF,AF,HY,AY,HR,AR,B365H,B365D,B365A,BWH,BWD,BWA,WHH,WHD,WHA,PSH,PSD,PSA,MaxH,MaxD,MaxA,AvgH,AvgD,AvgA,B365CH,B365CD,B365CA,BWCH,BWCD,BWCA,PSCH,PSCD,PSCA,MaxCH,MaxCD,MaxCA,AvgCH,AvgCD,AvgCA
13/08/2021,20:00,Brentford,Arsenal,2,0,H,1,0,H,8,22,3,4,2,5,12,8,0,0,0,0,4.0,3.4,1.95,4.0,3.5,1.95,4.0,3.4,1.9,4.05,3.46,2.05,4.62,3.72,2.1,4.02,3.43,2.02,3.8,3.25,2.05,3.8,3.3,2.05,3.94,3.33,2.13,4.2,3.5,2.18,3.89,3.28,2.1
14/08/2021,12:30,Man United,Leeds,5,1,H,1,0,H,16,10,8,3,5,4,11,9,1,2,0,0,1.53,4.5,5.75,1.53,4.5,5.75,1.52,4.33,5.8,1.56,4.57,5.96,1.59,4.65,6.35,1.55,4.48,5.87,1.61,4.2,5.25,1.62,4.1,5.25,1.67,4.2,5.4,1.71,4.33,5.8,1.64,4.19,5.22
14/08/2021,15:00,Burnley,Brighton,1,2,A,1,0,H,14,14,3,8,7,6,10,7,2,1,0,0,3.1,3.1,2.45,3.2,3.1,2.4,3.2,3.0,2.45,3.3,3.12,2.51,3.33,3.2,2.6,3.19,3.09,2.49,3.1,3.1,2.45,3.25,3.1,2.4,3.27,3.14,2.51,3.35,3.2,2.56,3.19,3.1,2.48
14/08/2021,15:00,Chelsea,Crystal Palace,3,0,H,2,0,H,13,4,6,1,5,2,15,11,0,0,0,0,1.25,5.75,13.0,1.28,5.75,10.5,1.25,5.5,13.0,1.26,6.24,12.74,1.3,6.3,15.0,1.26,5.92,12.8,1.3,5.25,11.0,1.33,5.0,10.0,1.34,5.4,11.0,1.36,5.5,11.5,1.33,5.17,10.58
14/08/2021,15:00,Everton,Southampton,3,1,H,0,1,A,14,6,6,3,6,8,13,15,2,0,0,0,1.9,3.5,4.0,1.95,3.5,3.9,1.95,3.4,4.0,2.01,3.56,4.1,2.04,3.66,4.25,1.97,3.53,4.04,2.0,3.4,3.9,2.05,3.4,3.75,2.05,3.45,4.07,2.12,3.5,4.2,2.04,3.39,3.95
14/08/2021,15:00,Leicester,Wolves,1,0,H,1,0,H,9,17,5,3,5,4,6,10,1,2,0,0,1.66,3.8,5.25,1.67,3.9,5.25,1.7,3.6,5.25,1.73,3.79,5.47,1.75,3.96,5.6,1.71,3.75,5.32,1.7,3.75,5.0,1.72,3.7,5.0,1.76,3.77,5.22,1.82,4.13,5.5,1.74,3.72,5.06
14/08/2021,15:00,Watford,Aston Villa,3,2,H,2,0,H,13,11,7,2,2,4,18,13,3,1,0,0,3.1,3.2,2.37,3.25,3.3,2.3,3.2,3.1,2.38,3.18,3.31,2.47,3.3,3.4,2.5,3.14,3.26,2.41,3.4,3.3,2.2,3.4,3.3,2.2,3.68,3.35,2.21,3.73,3.45,2.3,3.49,3.3,2.22
14/08/2021,17:30,Norwich,Liverpool,0,3,A,0,1,A,14,19,3,8,3,11,4,14,1,1,0,0,9.0,5.75,1.3,9.0,6.0,1.3,9.0,5.25,1.32,8.35,5.86,1.36,9.9,6.0,1.37,8.78,5.71,1.33,6.5,4.75,1.44,6.75,4.75,1.45,7.0,4.9,1.48,8.0,5.5,1.5,6.8,4.85,1.46
15/08/2021,14:00,Newcastle,West Ham,2,4,A,2,1,H,17,8,3,9,7,6,4,3,1,0,0,0,3.2,3.5,2.2,3.3,3.4,2.2,3.1,3.4,2.25,3.21,3.59,2.32,3.36,3.61,2.36,3.2,3.51,2.26,3.3,3.4,2.2,3.3,3.4,2.2,3.46,3.55,2.21,3.62,3.6,2.27,3.36,3.5,2.19
15/08/2021,16:30,Tottenham,Man City,1,0,H,0,0,D,13,18,3,4,3,11,11,8,2,1,0,0,5.5,4.2,1.6,5.25,4.25,1.6,5.5,4.0,1.6,5.56,4.09,1.67,5.85,4.3,1.68,5.49,4.1,1.64,6.0,4.1,1.55,6.0,4.2,1.55,5.97,4.25,1.61,6.53,4.33,1.65,5.88,4.12,1.6
21/08/2021,12:30,Liverpool,Burnley,2,0,H,1,0,H,27,9,9,3,8,4,6,12,0,0,0,0,1.18,7.5,13.0,1.2,7.0,13.5,1.2,6.5,15.0,1.21,6.98,15.68,1.24,7.5,17.0,1.21,6.97,14.41,1.25,6.0,11.0,1.25,6.25,11.5,1.25,6.75,13.5,1.31,7.1,14.0,1.24,6.57,12.29
21/08/2021,15:00,Aston Villa,Newcastle,2,0,H,1,0,H,10,9,2,1,3,4,8,18,3,4,0,0,1.8,3.75,4.33,1.8,3.9,4.25,1.8,3.75,4.2,1.83,3.99,4.4,1.87,4.2,4.5,1.82,3.92,4.25,1.8,3.8,4.33,1.83,3.75,4.2,1.87,3.83,4.39,1.89,4.1,4.43,1.84,3.88,4.21
21/08/2021,15:00,Crystal Palace,Brentford,0,0,D,0,0,D,7,14,2,3,3,5,12,9,3,1,0,0,2.55,3.2,2.87,2.6,3.2,2.8,2.55,3.1,2.88,2.65,3.28,2.95,2.7,3.3,3.02,2.61,3.18,2.9,2.6,3.2,2.8,2.6,3.2,2.8,2.68,3.2,2.97,2.75,3.27,3.0,2.65,3.16,2.9
21/08/2021,15:00,Leeds,Everton,2,2,D,1,1,D,17,17,4,8,8,5,6,13,2,4,0,0,2.37,3.4,3.0,2.35,3.4,3.0,2.35,3.3,3.0,2.39,3.51,3.14,2.45,3.6,3.19,2.37,3.47,3.03,2.05,3.5,3.6,2.1,3.5,3.5,2.15,3.52,3.65,2.25,3.6,3.7,2.13,3.49,3.53
21/08/2021,15:00,Man City,Norwich,5,0,H,2,0,H,16,1,4,0,6,1,13,7,1,0,0,0,1.08,11.0,26.0,1.11,9.5,23.0,1.08,10.0,26.0,1.11,11.28,26.2,1.13,12.5,33.0,1.11,10.58,25.64,1.1,9.5,23.0,1.12,9.0,21.0,1.13,10.0,26.0,1.15,11.0,28.44,1.12,9.88,23.15
21/08/2021,17:30,Brighton,Watford,2,0,H,2,0,H,13,10,3,1,7,2,11,6,4,0,0,0,1.7,3.5,5.75,1.75,3.3,5.75,1.7,3.4,5.5,1.75,3.55,5.8,1.8,3.6,5.9,1.74,3.52,5.53,1.7,3.6,5.25,1.7,3.5,5.75,1.78,3.55,5.6,1.8,3.75,6.0,1.74,3.58,5.41
22/08/2021,14:00,Southampton,Man United,1,1,D,1,0,H,8,15,3,4,7,7,12,10,2,3,0,0,5.5,4.2,1.57,5.0,4.33,1.62,5.5,4.0,1.6,5.32,4.41,1.64,5.75,4.42,1.66,5.36,4.26,1.61,5.25,4.33,1.6,5.0,4.1,1.65,5.7,4.45,1.61,5.79,4.5,1.7,5.39,4.28,1.62
22/08/2021,14:00,Wolves,Tottenham,0,1,A,0,1,A,25,8,6,6,5,4,9,7,1,4,0,0,3.2,3.2,2.35,3.3,3.2,2.3,3.2,3.0,2.4,3.25,3.15,2.52,3.42,3.29,2.55,3.2,3.15,2.43,2.8,3.1,2.62,2.9,3.1,2.6,2.95,3.09,2.79,3.17,3.2,2.84,2.93,3.06,2.7
22/08/2021,16:30,Arsenal,Chelsea,0,2,A,0,2,A,6,22,3,5,9,8,10,4,3,0,0,0,4.75,3.75,1.72,4.75,3.75,1.75,4.75,3.6,1.75,4.9,3.83,1.79,5.0,3.9,1.83,4.76,3.74,1.78,4.5,3.5,1.85,4.33,3.5,1.87,4.5,3.56,1.93,4.98,3.75,1.96,4.51,3.54,1.88
23/08/2021,20:00,West Ham,Leicester,4,1,H,1,0,H,13,5,7,1,10,0,8,8,0,1,0,1,2.5,3.5,2.75,2.6,3.5,2.6,2.6,3.3,2.7,2.61,3.51,2.82,2.66,3.55,2.87,2.58,3.44,2.75,2.4,3.4,2.9,2.45,3.4,2.85,2.52,3.5,2.95,2.56,3.7,3.1,2.46,3.47,2.9
28/08/2021,12:30,Man City,Arsenal,5,0,H,3,0,H,25,1,10,0,14,0,5,7,1,2,0,1,1.25,6.0,12.0,1.25,6.25,11.5,1.24,5.8,12.0,1.26,6.28,12.59,1.3,6.6,13.7,1.26,6.16,11.99,1.33,5.25,9.0,1.36,5.0,8.5,1.36,5.2,10.5,1.4,5.75,11.5,1.34,5.24,9.86
28/08/2021,15:00,Aston Villa,Brentford,1,1,D,1,1,D,7,9,5,2,3,2,15,14,3,3,0,0,1.95,3.6,3.8,1.95,3.7,3.8,2.0,3.4,3.7,2.02,3.63,3.95,2.06,3.74,4.0,2.0,3.57,3.84,2.0,3.25,4.0,2.1,3.3,3.7,2.1,3.33,4.07,2.15,3.43,4.1,2.09,3.3,3.9
28/08/2021,15:00,Brighton,Everton,0,2,A,0,1,A,14,14,3,5,4,5,7,9,1,2,0,0,2.3,3.2,3.3,2.35,3.3,3.1,2.35,3.1,3.25,2.37,3.29,3.37,2.42,3.39,3.42,2.35,3.25,3.27,2.25,3.25,3.3,2.3,3.2,3.3,2.35,3.26,3.46,2.4,3.34,3.5,2.31,3.23,3.36
28/08/2021,15:00,Newcastle,Southampton,2,2,D,0,0,D,10,22,5,6,4,4,11,6,3,3,0,0,2.5,3.4,2.8,2.5,3.5,2.75,2.45,3.4,2.8,2.55,3.52,2.9,2.6,3.77,2.94,2.52,3.47,2.82,2.4,3.5,2.9,2.4,3.5,2.85,2.51,3.59,2.89,2.56,3.74,3.0,2.44,3.54,2.86
28/08/2021,15:00,Norwich,Leicester,1,2,A,1,1,D,14,9,4,3,9,9,8,9,2,1,0,0,4.5,3.5,1.85,4.6,3.5,1.83,4.2,3.4,1.88,4.47,3.54,1.93,4.7,3.7,1.97,4.34,3.55,1.9,4.2,3.6,1.85,4.0,3.6,1.91,4.4,3.67,1.91,4.62,3.76,1.96,4.21,3.63,1.9
28/08/2021,15:00,West Ham,Crystal Palace,2,2,D,1,0,H,14,9,4,2,5,3,10,7,1,0,0,0,1.55,4.0,6.5,1.57,4.0,6.0,1.55,3.8,6.5,1.59,4.07,6.64,1.63,4.15,6.7,1.58,4.02,6.29,1.53,4.0,6.5,1.53,4.1,6.5,1.59,4.0,6.8,1.61,4.33,7.0,1.57,4.12,6.39
28/08/2021,17:30,Liverpool,Chelsea,1,1,D,1,1,D,24,6,7,3,12,3,13,4,0,2,0,1,2.45,3.3,2.9,2.45,3.4,2.85,2.45,3.25,2.9,2.52,3.36,3.06,2.6,3.51,3.08,2.5,3.33,2.95,2.45,3.3,2.9,2.4,3.3,3.0,2.47,3.36,3.13,2.55,3.63,3.26,2.43,3.32,3.07
29/08/2021,14:00,Burnley,Leeds,1,1,D,0,0,D,12,12,3,2,5,5,13,9,4,3,0,0,3.1,3.5,2.25,3.1,3.4,2.3,3.0,3.3,2.35,3.15,3.58,2.35,3.17,3.71,2.42,3.07,3.51,2.33,3.2,3.5,2.2,3.3,3.5,2.15,3.35,3.6,2.24,3.52,3.65,2.3,3.27,3.54,2.22
29/08/2021,14:00,Tottenham,Watford,1,0,H,1,0,H,15,9,8,2,10,3,8,14,3,3,0,0,1.36,4.75,9.0,1.44,4.5,7.75,1.4,4.33,8.5,1.45,4.42,9.04,1.48,4.75,9.1,1.44,4.48,8.42,1.4,4.5,8.5,1.45,4.4,7.25,1.44,4.65,8.5,1.51,4.7,9.34,1.47,4.45,7.65
29/08/2021,16:30,Wolves,Man United,0,1,A,0,0,D,15,10,6,3,5,7,7,9,3,4,0,0,5.0,3.5,1.75,5.0,3.4,1.8,5.0,3.4,1.78,5.14,3.51,1.83,5.2,3.65,1.91,4.91,3.48,1.82,4.75,3.75,1.75,4.75,3.7,1.75,4.93,3.8,1.79,5.25,3.84,1.83,4.88,3.71,1.77
11/09/2021,12:30,Crystal Palace,Tottenham,3,0,H,0,0,D,18,2,4,1,8,2,13,15,2,1,0,1,4.2,3.5,1.9,4.4,3.3,1.91,4.33,3.3,1.91,4.42,3.47,1.96,4.63,3.56,2.0,4.25,3.44,1.95,3.8,3.4,2.05,4.2,3.3,1.95,3.95,3.33,2.13,4.3,3.5,2.18,3.95,3.32,2.07
11/09/2021,15:00,Arsenal,Norwich,1,0,H,0,0,D,30,10,7,1,8,4,9,11,1,2,0,0,1.5,4.6,6.0,1.5,4.5,6.25,1.5,4.2,6.5,1.53,4.57,6.5,1.55,4.6,6.95,1.52,4.48,6.4,1.36,5.0,8.0,1.42,4.75,7.5,1.44,4.91,7.9,1.5,5.13,8.83,1.42,4.89,7.72
11/09/2021,15:00,Brentford,Brighton,0,1,A,0,0,D,7,4,1,2,1,6,9,12,3,2,0,0,2.8,3.2,2.62,2.8,3.2,2.65,2.75,3.1,2.7,2.93,3.19,2.72,2.99,3.26,2.78,2.86,3.14,2.69,3.1,3.0,2.55,2.9,3.0,2.7,3.14,3.0,2.7,3.2,3.24,2.88,3.01,3.01,2.67
11/09/2021,15:00,Leicester,Man City,0,1,A,0,0,D,6,25,1,8,5,8,4,11,1,2,0,0,6.0,4.0,1.57,5.5,4.25,1.57,5.8,4.2,1.55,5.87,4.26,1.61,6.15,4.5,1.63,5.7,4.22,1.6,5.25,4.0,1.61,5.5,3.75,1.65,5.62,4.15,1.65,6.0,4.33,1.7,5.58,4.04,1.63
11/09/2021,15:00,Man United,Newcastle,4,1,H,1,0,H,21,12,7,3,7,3,9,2,1,0,0,0,1.18,7.5,15.0,1.2,7.0,14.0,1.2,6.5,15.0,1.19,7.56,16.42,1.24,7.8,17.0,1.2,7.27,14.77,1.18,7.0,15.0,1.2,7.0,14.0,1.2,7.45,15.76,1.22,8.06,19.13,1.19,7.42,15.77
11/09/2021,15:00,Southampton,West Ham,0,0,D,0,0,D,11,13,3,3,5,4,10,12,3,1,0,1,2.9,3.5,2.4,2.95,3.5,2.35,2.88,3.25,2.45,2.93,3.48,2.54,2.98,3.56,2.57,2.89,3.46,2.47,3.0,3.5,2.3,2.95,3.5,2.35,3.16,3.55,2.36,3.3,3.7,2.46,3.06,3.53,2.33
11/09/2021,15:00,Watford,Wolves,0,2,A,0,0,D,6,14,2,5,6,8,15,13,3,3,0,0,3.4,3.2,2.25,3.3,3.25,2.3,3.3,3.1,2.3,3.47,3.22,2.36,3.48,3.28,2.38,3.36,3.19,2.33,3.6,3.1,2.15,3.4,3.2,2.25,3.67,3.21,2.28,4.0,3.29,2.35,3.57,3.17,2.25
11/09/2021,17:30,Chelsea,Aston Villa,3,0,H,1,0,H,12,18,4,6,4,11,11,11,1,4,0,0,1.28,5.5,11.0,1.3,5.5,10.0,1.29,5.25,11.0,1.31,5.51,12.17,1.33,5.75,12.94,1.3,5.46,11.28,1.33,5.0,9.0,1.3,5.5,10.0,1.35,5.38,10.33,1.4,5.6,12.3,1.34,5.29,9.78
12/09/2021,16:30,Leeds,Liverpool,0,3,A,0,1,A,9,30,4,9,2,11,9,8,2,1,1,0,4.33,4.0,1.75,4.4,4.0,1.75,4.4,3.8,1.75,4.54,4.15,1.78,4.7,4.2,1.83,4.34,4.05,1.78,4.5,4.33,1.66,4.75,4.2,1.65,5.04,4.48,1.66,5.2,4.6,1.75,4.86,4.31,1.67
13/09/2021,20:00,Everton,Burnley,3,1,H,0,0,D,14,11,6,6,4,6,3,6,1,1,0,0,1.7,3.75,5.0,1.75,3.7,4.75,1.73,3.5,5.0,1.74,3.83,5.35,1.8,3.83,5.4,1.75,3.71,5.01,1.75,3.5,5.25,1.75,3.5,5.25,1.78,3.53,5.58,1.85,3.74,5.74,1.78,3.52,5.23
17/09/2021,20:00,Newcastle,Leeds,1,1,D,1,1,D,17,22,7,9,4,5,9,11,2,2,0,0,3.0,3.6,2.3,2.95,3.6,2.3,3.0,3.5,2.25,3.05,3.69,2.36,3.15,3.75,2.42,3.01,3.62,2.33,3.1,3.6,2.2,3.0,3.7,2.25,3.25,3.74,2.23,3.25,3.8,2.34,3.09,3.67,2.26
18/09/2021,12:30,Wolves,Brentford,0,2,A,0,2,A,11,9,0,3,4,2,10,7,4,2,0,1,1.83,3.25,5.0,1.85,3.3,4.75,1.91,3.1,4.6,1.93,3.3,4.98,1.95,3.35,5.0,1.9,3.27,4.83,1.8,3.25,5.0,1.8,3.3,5.25,1.83,3.42,5.38,1.92,3.45,5.61,1.83,3.35,5.1
18/09/2021,15:00,Burnley,Arsenal,0,1,A,0,1,A,18,13,3,3,8,3,9,8,2,1,0,0,3.8,3.6,1.95,3.9,3.4,2.0,3.8,3.4,2.0,3.87,3.57,2.06,4.0,3.66,2.1,3.82,3.5,2.03,3.75,3.6,1.95,3.8,3.6,1.95,3.94,3.79,1.98,4.14,3.79,2.11,3.76,3.63,2.01
18/09/2021,15:00,Liverpool,Crystal Palace,3,0,H,1,0,H,25,13,10,2,10,5,17,11,3,1,0,0,1.2,7.0,13.0,1.22,6.5,13.5,1.2,6.5,15.0,1.22,6.87,15.6,1.25,7.3,17.0,1.22,6.84,14.04,1.28,5.75,10.0,1.25,6.25,11.0,1.29,6.13,11.57,1.33,7.0,15.1,1.27,6.16,11.26
18/09/2021,15:00,Man City,Southampton,0,0,D,0,0,D,18,10,1,2,8,5,5,12,0,2,0,0,1.12,9.5,17.0,1.14,8.25,19.5,1.14,7.5,19.0,1.16,8.48,19.72,1.19,9.5,21.0,1.15,8.46,18.55,1.14,8.0,17.0,1.19,7.0,15.0,1.18,8.18,16.74,1.2,9.0,23.0,1.17,8.1,16.62
18/09/2021,15:00,Norwich,Watford,1,3,A,1,1,D,12,12,5,8,4,8,10,14,1,1,0,0,2.15,3.3,3.5,2.15,3.4,3.4,2.15,3.3,3.5,2.21,3.48,3.53,2.28,3.52,3.6,2.18,3.39,3.47,2.25,3.3,3.3,2.15,3.4,3.4,2.41,3.29,3.31,2.41,3.5,3.52,2.3,3.3,3.34
18/09/2021,17:30,Aston Villa,Everton,3,0,H,0,0,D,15,11,3,1,5,4,7,10,1,1,0,0,2.4,3.3,3.0,2.35,3.4,3.0,2.4,3.2,3.0,2.42,3.44,3.15,2.5,3.51,3.19,2.4,3.36,3.06,2.1,3.4,3.5,2.15,3.3,3.6,2.18,3.46,3.65,2.39,3.5,3.65,2.18,3.36,3.52
19/09/2021,14:00,Brighton,Leicester,2,1,H,1,0,H,12,14,5,3,4,9,8,10,2,1,0,0,2.7,3.2,2.75,2.75,3.2,2.65,2.62,3.2,2.7,2.83,3.25,2.77,2.88,3.42,2.85,2.75,3.23,2.73,2.45,3.2,3.0,2.45,3.25,3.0,2.55,3.23,3.12,2.65,3.35,3.16,2.52,3.22,3.02
19/09/2021,14:00,West Ham,Man United,1,2,A,1,1,D,13,17,4,10,2,11,5,8,0,0,0,0,4.33,4.0,1.75,4.4,4.0,1.75,4.6,3.7,1.75,4.69,3.9,1.81,4.84,4.05,1.83,4.51,3.9,1.78,4.2,3.8,1.8,4.4,3.8,1.8,4.31,3.79,1.89,4.63,4.0,1.92,4.38,3.77,1.83
19/09/2021,16:30,Tottenham,Chelsea,0,3,A,0,0,D,8,20,2,10,5,11,4,15,0,1,0,0,5.0,3.8,1.7,5.0,3.75,1.72,4.6,3.7,1.75,4.98,4.02,1.74,5.1,4.05,1.81,4.89,3.83,1.74,4.33,3.4,1.85,4.4,3.4,1.9,4.2,3.4,2.04,4.82,3.6,2.06,4.2,3.41,1.97
25/09/2021,12:30,Chelsea,Man City,0,1,A,0,0,D,5,15,0,4,4,13,12,10,3,2,0,0,2.62,3.2,2.75,2.7,3.25,2.7,2.62,3.2,2.7,2.74,3.3,2.83,2.78,3.36,2.9,2.66,3.26,2.79,2.9,3.2,2.5,2.8,3.2,2.6,2.92,3.21,2.72,3.04,3.3,2.75,2.89,3.18,2.64
25/09/2021,12:30,Man United,Aston Villa,0,1,A,0,0,D,28,7,4,3,5,5,9,13,2,2,0,0,1.36,5.25,8.0,1.4,5.0,7.5,1.38,4.75,8.0,1.41,5.12,8.13,1.43,5.5,8.5,1.4,5.08,7.84,1.36,5.0,8.0,1.4,5.0,7.25,1.42,5.1,7.95,1.45,5.25,8.83,1.4,4.99,7.82
25/09/2021,15:00,Everton,Norwich,2,0,H,1,0,H,11,10,4,2,6,4,12,9,2,3,0,0,1.61,3.8,5.75,1.6,3.9,6.0,1.6,3.6,6.5,1.65,3.91,6.09,1.68,4.0,6.5,1.63,3.86,5.96,1.7,3.75,5.25,1.67,3.7,5.5,1.7,3.82,5.72,1.75,3.85,6.0,1.69,3.76,5.53
25/09/2021,15:00,Leeds,West Ham,1,2,A,1,0,H,15,20,5,7,5,7,10,6,3,2,0,0,3.0,3.6,2.25,3.0,3.6,2.3,3.0,3.5,2.3,3.17,3.73,2.28,3.18,3.75,2.4,3.04,3.67,2.29,2.9,3.6,2.3,2.8,3.6,2.4,3.08,3.62,2.38,3.19,3.75,2.45,2.95,3.6,2.36
25/09/2021,15:00,Leicester,Burnley,2,2,D,1,2,A,22,9,5,3,8,4,10,8,2,4,0,0,1.57,4.0,6.0,1.57,4.0,6.0,1.57,3.9,6.0,1.6,4.09,6.37,1.64,4.25,6.5,1.59,4.05,6.12,1.65,3.8,5.25,1.67,3.9,5.25,1.71,3.9,5.39,1.76,4.1,6.25,1.68,3.86,5.32
25/09/2021,15:00,Watford,Newcastle,1,1,D,0,1,A,15,20,4,6,5,6,19,12,4,3,0,0,2.2,3.4,3.3,2.25,3.3,3.3,2.25,3.25,3.25,2.26,3.42,3.47,2.35,3.5,3.47,2.27,3.37,3.32,2.05,3.5,3.5,2.1,3.5,3.5,2.16,3.57,3.59,2.35,3.61,3.76,2.13,3.48,3.52
25/09/2021,17:30,Brentford,Liverpool,3,3,D,1,1,D,12,16,4,6,2,11,8,7,1,1,0,0,7.0,4.5,1.45,6.75,4.4,1.48,7.0,4.2,1.47,7.48,4.51,1.49,7.5,4.65,1.53,6.96,4.48,1.49,7.5,5.25,1.36,7.25,5.0,1.4,7.88,4.98,1.43,8.3,5.25,1.56,7.58,4.86,1.42
26/09/2021,14:00,Southampton,Wolves,0,1,A,0,0,D,18,5,6,3,5,5,12,8,0,0,0,0,2.62,3.2,2.8,2.65,3.2,2.75,2.62,3.2,2.75,2.7,3.27,2.89,2.78,3.38,2.92,2.65,3.24,2.83,2.1,3.3,3.6,2.2,3.3,3.4,2.15,3.42,3.78,2.7,3.42,3.83,2.21,3.3,3.52
26/09/2021,16:30,Arsenal,Tottenham,3,1,H,3,0,H,12,10,7,4,4,4,12,13,2,1,0,0,2.15,3.3,3.5,2.3,3.25,3.2,2.25,3.25,3.3,2.29,3.3,3.54,2.38,3.5,3.55,2.28,3.31,3.35,2.15,3.4,3.4,2.1,3.4,3.6,2.25,3.4,3.53,2.32,3.5,3.74,2.2,3.39,3.45
27/09/2021,20:00,Crystal Palace,Brighton,1,1,D,1,0,H,8,8,3,4,6,5,12,10,2,3,0,0,3.1,3.2,2.45,2.95,3.2,2.5,3.1,3.0,2.5,3.14,3.21,2.56,3.16,3.25,2.67,3.04,3.15,2.54,2.8,3.1,2.7,2.75,3.1,2.75,2.96,3.14,2.74,3.0,3.2,2.8,2.9,3.09,2.69
02/10/2021,12:30,Man United,Everton,1,1,D,1,0,H,13,12,6,2,10,1,10,9,1,1,0,0,1.45,4.33,7.5,1.5,4.25,6.75,1.47,4.2,7.0,1.51,4.37,7.59,1.54,4.55,7.59,1.5,4.38,7.08,1.55,4.0,6.5,1.55,4.1,6.25,1.56,4.33,6.57,1.61,4.45,7.43,1.54,4.24,6.48
02/10/2021,15:00,Burnley,Norwich,0,0,D,0,0,D,14,10,4,2,9,5,13,3,5,2,0,0,1.85,3.6,4.33,1.85,3.5,4.5,1.88,3.4,4.2,1.9,3.69,4.42,1.94,3.71,4.54,1.88,3.61,4.33,1.9,3.6,4.0,1.91,3.6,4.0,1.99,3.6,4.12,2.02,3.67,4.2,1.96,3.54,4.01
02/10/2021,15:00,Chelsea,Southampton,3,1,H,1,0,H,20,6,9,2,7,2,11,13,1,3,0,1,1.36,4.75,9.0,1.36,5.0,8.5,1.36,4.6,9.0,1.4,4.91,9.22,1.42,5.13,10.0,1.38,4.9,8.92,1.4,4.75,8.0,1.42,4.5,8.0,1.46,4.71,7.79,1.47,5.0,9.2,1.42,4.73,7.94
02/10/2021,15:00,Leeds,Watford,1,0,H,1,0,H,20,5,4,1,6,3,10,16,0,3,0,0,1.7,4.0,4.75,1.78,3.6,4.75,1.75,3.7,4.6,1.78,3.96,4.8,1.83,4.13,4.9,1.76,3.9,4.63,1.72,3.8,4.75,1.72,4.0,4.5,1.78,3.98,4.74,1.8,4.1,4.9,1.76,3.95,4.6
02/10/2021,15:00,Wolves,Newcastle,2,1,H,1,1,D,7,8,3,2,0,4,15,5,0,2,0,0,1.61,4.2,5.25,1.67,4.2,4.75,1.65,3.9,5.0,1.72,4.06,5.06,1.75,4.2,5.5,1.69,4.0,5.02,1.7,3.75,5.0,1.75,3.75,4.75,1.83,3.72,4.77,1.87,3.92,5.31,1.78,3.71,4.75
02/10/2021,17:30,Brighton,Arsenal,0,0,D,0,0,D,21,8,2,2,8,5,8,5,2,1,0,0,3.0,3.25,2.4,2.95,3.2,2.5,3.0,3.1,2.45,3.16,3.2,2.54,3.2,3.34,2.6,3.05,3.22,2.5,3.2,3.25,2.3,3.0,3.2,2.45,3.31,3.4,2.35,3.52,3.4,2.52,3.24,3.29,2.35
03/10/2021,14:00,Crystal Palace,Leicester,2,2,D,0,2,A,18,9,4,5,1,3,15,11,2,3,0,0,3.1,3.4,2.3,3.2,3.3,2.3,3.0,3.3,2.35,3.17,3.44,2.41,3.2,3.52,2.44,3.11,3.41,2.36,2.8,3.25,2.62,2.8,3.3,2.55,2.87,3.3,2.7,2.9,3.37,2.75,2.82,3.25,2.64
03/10/2021,14:00,Tottenham,Aston Villa,2,1,H,1,0,H,17,14,8,3,5,8,11,14,2,1,0,0,2.1,3.6,3.4,2.15,3.4,3.4,2.15,3.3,3.5,2.13,3.61,3.64,2.2,3.65,3.66,2.12,3.53,3.5,2.05,3.4,3.7,2.0,3.5,3.75,2.14,3.47,3.74,2.22,3.6,4.06,2.11,3.44,3.65
03/10/2021,14:00,West Ham,Brentford,1,2,A,0,1,A,18,13,5,6,11,6,16,13,2,3,0,0,1.75,3.75,4.75,1.8,3.5,4.75,1.8,3.4,4.75,1.84,3.65,4.82,1.86,3.85,4.9,1.82,3.62,4.67,1.72,3.75,4.75,1.75,3.7,4.75,1.76,3.85,5.13,1.88,3.85,5.13,1.78,3.72,4.81
03/10/2021,16:30,Liverpool,Man City,2,2,D,0,0,D,6,12,4,3,3,4,10,12,3,3,0,0,2.87,3.5,2.4,2.8,3.6,2.4,2.8,3.5,2.38,2.99,3.55,2.46,3.0,3.75,2.52,2.9,3.53,2.43,2.9,3.6,2.3,3.0,3.6,2.3,3.12,3.54,2.38,3.2,3.97,2.45,3.02,3.56,2.35
16/10/2021,12:30,Watford,Liverpool,0,5,A,0,2,A,6,19,2,8,1,9,4,10,0,0,0,0,8.5,5.5,1.33,8.0,5.25,1.35,8.5,5.0,1.35,9.43,5.49,1.36,9.5,5.75,1.39,8.67,5.33,1.36,9.0,5.75,1.3,8.0,5.25,1.35,8.6,5.68,1.36,9.89,5.88,1.39,8.61,5.48,1.35
16/10/2021,15:00,Aston Villa,Wolves,2,3,A,0,0,D,14,9,5,4,6,7,8,17,2,3,0,0,2.15,3.25,3.5,2.15,3.3,3.5,2.25,3.1,3.4,2.32,3.31,3.47,2.36,3.4,3.56,2.25,3.28,3.42,2.0,3.25,4.0,2.15,3.3,3.5,2.16,3.31,3.89,2.4,3.35,4.1,2.13,3.2,3.84
16/10/2021,15:00,Leicester,Man United,4,2,H,1,1,D,22,18,11,6,4,3,5,17,0,3,0,0,3.5,3.6,2.05,3.75,3.5,2.0,3.5,3.5,2.05,3.56,3.68,2.13,3.72,3.7,2.18,3.49,3.59,2.1,3.6,3.75,1.95,3.75,3.5,2.0,3.7,3.97,1.99,3.9,3.97,2.15,3.66,3.75,2.0
16/10/2021,15:00,Man City,Burnley,2,0,H,1,0,H,15,7,6,2,6,2,11,5,1,0,0,0,1.12,9.0,19.0,1.13,8.5,21.0,1.1,9.0,23.0,1.13,9.94,24.65,1.14,10.5,29.0,1.12,9.47,22.12,1.12,9.0,19.0,1.13,8.5,21.0,1.15,9.13,21.3,1.16,9.71,23.0,1.14,8.96,19.09
16/10/2021,15:00,Norwich,Brighton,0,0,D,0,0,D,15,11,3,3,8,4,5,14,3,5,0,0,3.6,3.4,2.1,3.6,3.5,2.05,3.6,3.25,2.1,3.77,3.41,2.16,3.86,3.41,2.21,3.67,3.34,2.13,3.9,3.5,1.95,3.6,3.5,2.05,4.12,3.69,1.96,4.35,3.71,2.2,4.03,3.49,1.97
16/10/2021,15:00,Southampton,Leeds,1,0,H,0,0,D,19,3,5,0,8,1,16,14,2,3,0,0,2.3,3.5,3.0,2.4,3.5,2.9,2.35,3.4,2.9,2.44,3.58,3.01,2.48,3.77,3.07,2.4,3.52,2.93,2.1,3.6,3.3,2.4,3.5,2.9,2.12,3.72,3.55,2.38,3.74,3.55,2.16,3.58,3.34
16/10/2021,17:30,Brentford,Chelsea,0,1,A,0,1,A,17,5,7,1,5,5,13,8,1,1,0,0,6.5,3.8,1.57,7.0,3.95,1.52,6.5,3.6,1.6,6.69,3.92,1.61,6.75,4.0,1.66,6.37,3.84,1.6,5.75,3.9,1.6,7.0,3.95,1.52,5.64,3.87,1.7,6.4,4.0,1.77,5.58,3.83,1.66
17/10/2021,14:00,Everton,West Ham,0,1,A,0,0,D,15,16,2,4,7,9,3,3,0,2,0,0,2.5,3.4,2.8,2.45,3.5,2.75,2.5,3.2,2.9,2.57,3.37,2.98,2.64,3.58,3.02,2.52,3.35,2.89,2.8,3.2,2.6,2.45,3.5,2.75,2.91,3.36,2.63,2.95,3.52,2.8,2.84,3.27,2.61
17/10/2021,16:30,Newcastle,Tottenham,2,3,A,1,3,A,7,14,1,4,2,9,13,4,4,1,1,0,3.5,3.6,2.05,3.4,3.6,2.0,3.5,3.5,2.05,3.57,3.66,2.13,3.84,3.75,2.15,3.51,3.58,2.09,3.5,3.6,2.05,3.4,3.6,2.0,3.58,3.71,2.11,3.9,3.75,2.2,3.56,3.61,2.07
18/10/2021,20:00,Arsenal,Crystal Palace,2,2,D,1,0,H,17,9,6,6,6,4,7,4,1,1,0,0,1.6,3.8,6.0,1.62,3.9,5.75,1.62,3.7,5.8,1.66,3.94,5.91,1.7,4.1,6.13,1.65,3.87,5.65,1.57,4.0,6.0,1.62,3.9,5.75,1.62,4.17,5.96,1.65,4.2,6.59,1.61,4.0,5.81
22/10/2021,20:00,Arsenal,Aston Villa,3,1,H,2,0,H,22,10,9,4,7,4,17,10,2,5,0,0,1.83,3.75,4.2,1.9,3.5,4.0,1.88,3.6,4.0,1.92,3.77,4.22,2.09,3.9,4.3,1.91,3.73,4.05,1.85,3.75,4.0,1.9,3.5,4.0,2.04,3.65,3.87,2.12,3.85,4.55,1.98,3.64,3.87
23/10/2021,12:30,Chelsea,Norwich,7,0,H,3,0,H,23,3,13,1,5,0,14,16,0,2,0,1,1.18,7.0,15.0,1.14,8.25,23.0,1.17,6.5,19.0,1.19,7.28,19.32,1.22,7.75,20.0,1.19,7.07,17.21,1.22,6.0,15.0,1.14,8.25,23.0,1.22,6.75,15.5,1.26,7.32,17.97,1.22,6.51,14.53
23/10/2021,15:00,Crystal Palace,Newcastle,1,1,D,0,0,D,15,6,3,2,3,7,13,9,3,4,0,0,1.9,3.6,4.0,1.95,3.6,3.7,1.95,3.5,3.8,1.99,3.7,3.98,2.05,3.78,4.05,1.97,3.61,3.88,1.85,3.6,4.2,1.95,3.6,3.7,2.0,3.51,4.2,2.0,3.69,4.62,1.91,3.54,4.24
23/10/2021,15:00,Everton,Watford,2,5,A,1,1,D,15,20,4,8,3,5,9,13,4,3,0,0,1.65,3.8,5.5,1.6,4.1,5.25,1.65,3.7,5.5,1.68,3.88,5.79,1.72,4.08,5.79,1.67,3.86,5.49,1.75,3.6,4.75,1.6,4.1,5.25,1.84,3.57,4.98,1.87,3.87,5.25,1.79,3.62,4.84
23/10/2021,15:00,Leeds,Wolves,1,1,D,0,1,A,18,8,4,4,6,3,15,14,2,3,0,0,2.4,3.4,2.87,2.1,3.7,3.2,2.5,3.25,2.8,2.67,3.46,2.79,2.68,3.52,2.98,2.57,3.37,2.79,2.37,3.4,3.0,2.1,3.7,3.2,2.64,3.44,2.84,2.64,3.6,3.15,2.44,3.4,2.96
23/10/2021,15:00,Southampton,Burnley,2,2,D,1,1,D,16,9,4,5,6,2,10,11,1,3,0,0,1.95,3.5,3.9,1.95,3.5,3.8,1.95,3.5,3.8,2.02,3.63,3.98,2.08,3.68,4.1,2.0,3.54,3.87,1.9,3.6,4.0,1.95,3.5,3.8,2.09,3.46,3.92,2.09,3.8,4.39,1.97,3.61,3.9
23/10/2021,17:30,Brighton,Man City,1,4,A,0,3,A,10,23,5,14,7,6,10,6,2,3,0,0,8.0,4.75,1.4,6.5,5.0,1.43,8.0,4.6,1.4,7.66,4.79,1.46,8.5,5.0,1.46,7.71,4.77,1.42,8.5,4.75,1.36,6.5,5.0,1.43,8.18,4.95,1.43,9.67,5.28,1.57,8.1,4.84,1.41
24/10/2021,14:00,Brentford,Leicester,1,2,A,0,1,A,15,10,5,6,9,2,13,7,1,1,0,0,2.62,3.3,2.7,2.8,3.2,2.6,2.6,3.4,2.62,2.66,3.47,2.79,2.75,3.6,2.83,2.63,3.39,2.72,2.75,3.4,2.6,2.8,3.2,2.6,2.86,3.56,2.55,3.05,3.56,2.7,2.78,3.41,2.58
24/10/2021,14:00,West Ham,Tottenham,1,0,H,0,0,D,13,7,4,4,2,4,11,4,2,1,0,0,2.3,3.5,3.0,2.4,3.5,2.8,2.38,3.4,2.9,2.32,3.54,3.23,2.48,3.62,3.23,2.35,3.49,3.01,2.2,3.5,3.2,2.4,3.5,2.8,2.25,3.65,3.29,2.4,3.66,3.3,2.29,3.5,3.13
24/10/2021,16:30,Man United,Liverpool,0,5,A,0,4,A,12,19,4,8,6,3,10,8,6,0,1,0,3.1,3.6,2.2,3.0,3.5,2.25,3.0,3.5,2.25,3.15,3.73,2.29,3.25,3.81,2.38,3.06,3.66,2.27,2.9,3.6,2.3,3.0,3.5,2.25,3.09,3.66,2.35,3.15,3.93,2.55,2.97,3.59,2.35
30/10/2021,12:30,Leicester,Arsenal,0,2,A,0,2,A,16,9,8,5,7,6,8,11,2,0,0,0,2.4,3.5,2.87,2.5,3.4,2.7,2.45,3.3,2.87,2.52,3.49,2.95,2.56,3.6,3.0,2.47,3.47,2.87,2.45,3.5,2.8,2.5,3.5,2.65,2.55,3.53,2.88,2.69,3.6,2.96,2.5,3.49,2.8
30/10/2021,15:00,Burnley,Brentford,3,1,H,3,0,H,15,12,6,5,4,2,7,10,1,1,0,0,2.6,3.3,2.75,2.7,3.2,2.7,2.6,3.2,2.75,2.73,3.31,2.84,2.73,3.42,2.86,2.66,3.24,2.78,2.6,3.1,2.87,2.5,3.2,2.87,2.74,3.21,2.9,2.74,3.35,3.0,2.64,3.15,2.88
30/10/2021,15:00,Liverpool,Brighton,2,2,D,2,1,H,14,9,3,6,5,3,8,5,2,2,0,0,1.22,6.5,13.0,1.27,6.25,9.75,1.22,6.0,13.0,1.25,6.92,11.52,1.27,6.92,13.5,1.24,6.49,12.11,1.25,6.0,11.0,1.27,6.25,9.25,1.3,5.75,11.6,1.32,6.75,12.0,1.28,6.06,10.42
30/10/2021,15:00,Man City,Crystal Palace,0,2,A,0,1,A,14,8,3,3,7,1,11,11,2,3,1,0,1.14,8.0,19.0,1.16,7.5,19.0,1.14,7.5,19.0,1.15,8.94,22.14,1.19,8.94,22.14,1.16,8.13,18.61,1.12,9.0,19.0,1.16,7.75,18.0,1.14,9.25,21.0,1.17,9.75,23.0,1.14,8.64,19.87
30/10/2021,15:00,Newcastle,Chelsea,0,3,A,0,0,D,6,19,1,6,0,2,14,12,3,2,0,0,8.5,5.0,1.36,8.75,4.75,1.37,9.0,4.75,1.35,9.28,4.96,1.4,9.5,5.15,1.42,8.63,4.91,1.38,7.5,4.5,1.44,7.25,4.33,1.46,8.43,4.52,1.46,8.64,4.91,1.48,7.84,4.54,1.44
30/10/2021,15:00,Watford,Southampton,0,1,A,0,1,A,10,12,4,1,5,8,16,6,2,2,0,0,3.2,3.3,2.3,3.1,3.4,2.25,3.1,3.3,2.3,3.22,3.4,2.39,3.25,3.5,2.45,3.12,3.37,2.35,3.3,3.5,2.15,3.1,3.4,2.25,3.22,3.54,2.33,3.62,3.58,2.36,3.23,3.44,2.26
30/10/2021,17:30,Tottenham,Man United,0,3,A,0,1,A,9,10,0,4,10,2,12,14,2,3,0,0,2.87,3.6,2.37,2.87,3.6,2.3,2.87,3.5,2.35,3.04,3.66,2.38,3.05,3.74,2.47,2.93,3.57,2.37,3.0,3.6,2.25,2.9,3.6,2.3,3.18,3.74,2.27,3.34,3.75,2.38,3.12,3.58,2.26
31/10/2021,14:00,Norwich,Leeds,1,2,A,0,0,D,14,13,3,6,5,0,14,23,1,4,0,0,3.4,3.5,2.1,3.4,3.5,2.1,3.4,3.4,2.1,3.58,3.7,2.11,3.6,3.75,2.17,3.44,3.6,2.11,3.6,3.75,1.95,3.6,3.5,2.0,3.66,3.72,2.08,3.83,3.85,2.1,3.59,3.66,2.03
31/10/2021,16:30,Aston Villa,West Ham,1,4,A,1,2,A,9,21,3,9,3,6,7,13,1,2,1,0,2.8,3.5,2.45,2.65,3.6,2.45,2.8,3.4,2.45,2.86,3.58,2.54,2.95,3.68,2.57,2.83,3.5,2.48,2.9,3.5,2.37,2.8,3.6,2.35,2.94,3.5,2.52,3.22,3.69,2.55,2.96,3.48,2.39
01/11/2021,20:00,Wolves,Everton,2,1,H,2,0,H,10,14,4,5,4,3,10,8,1,1,0,0,2.2,3.2,3.5,2.25,3.25,3.3,2.2,3.2,3.4,2.27,3.4,3.47,2.32,3.4,3.6,2.24,3.28,3.39,2.15,3.2,3.6,2.15,3.2,3.6,2.3,3.19,3.66,2.39,3.49,3.8,2.24,3.17,3.56
05/11/2021,20:00,Southampton,Aston Villa,1,0,H,1,0,H,9,14,3,3,10,8,12,12,2,2,0,0,1.95,3.6,3.75,1.98,3.6,3.6,2.0,3.5,3.6,2.04,3.71,3.79,2.08,3.82,3.8,2.02,3.66,3.68,2.0,3.6,3.6,1.98,3.6,3.6,2.17,3.59,3.54,2.18,3.85,4.0,2.06,3.64,3.56
06/11/2021,12:30,Man United,Man City,0,2,A,0,2,A,5,16,1,5,1,9,9,12,1,2,0,0,4.75,4.0,1.7,4.4,3.9,1.73,4.6,3.9,1.7,4.84,4.16,1.74,4.95,4.3,1.76,4.69,4.09,1.72,4.75,4.2,1.66,4.5,4.0,1.71,4.79,4.21,1.73,5.0,4.59,1.76,4.65,4.14,1.71
06/11/2021,15:00,Brentford,Norwich,1,2,A,0,2,A,19,9,7,5,6,2,12,13,2,3,0,0,1.6,4.0,5.75,1.63,3.8,5.25,1.61,3.7,5.8,1.63,4.05,6.06,1.68,4.05,6.06,1.63,3.92,5.8,1.6,4.0,5.5,1.63,3.8,5.5,1.68,4.07,5.46,1.73,4.2,6.13,1.64,3.97,5.53
06/11/2021,15:00,Chelsea,Burnley,1,1,D,1,0,H,25,5,4,2,14,2,6,9,1,4,0,0,1.25,6.0,12.0,1.25,6.0,13.0,1.25,5.8,12.0,1.27,6.08,13.48,1.29,6.23,14.0,1.26,5.94,12.51,1.28,5.25,12.0,1.25,5.75,13.0,1.29,5.77,13.05,1.31,6.21,14.0,1.27,5.67,12.59
06/11/2021,15:00,Crystal Palace,Wolves,2,0,H,0,0,D,13,4,6,2,4,6,14,13,2,1,0,0,2.45,3.2,3.0,2.4,3.2,3.0,2.45,3.1,3.0,2.56,3.17,3.17,2.62,3.33,3.21,2.5,3.15,3.08,2.3,3.1,3.4,2.3,3.2,3.2,2.37,3.16,3.52,2.42,3.2,3.6,2.34,3.1,3.42
06/11/2021,17:30,Brighton,Newcastle,1,1,D,1,0,H,14,6,5,1,2,5,16,10,3,4,1,0,1.57,3.9,6.0,1.65,3.9,5.25,1.6,3.8,5.8,1.63,4.11,6.04,1.68,4.18,6.04,1.62,3.99,5.76,1.53,4.2,6.0,1.6,4.0,5.75,1.61,4.2,6.11,1.65,4.63,6.25,1.59,4.13,5.84
07/11/2021,14:00,Arsenal,Watford,1,0,H,0,0,D,14,7,6,1,4,2,6,19,4,2,0,1,1.36,4.75,8.5,1.4,4.75,8.0,1.38,4.6,8.5,1.41,4.98,8.73,1.43,5.25,9.0,1.39,4.9,8.25,1.44,4.75,6.5,1.43,4.6,7.25,1.46,4.86,7.41,1.5,5.01,8.06,1.45,4.76,7.13
07/11/2021,14:00,Everton,Tottenham,0,0,D,0,0,D,12,8,2,0,4,2,13,17,2,4,1,0,3.1,3.25,2.37,2.95,3.25,2.4,3.0,3.25,2.37,3.15,3.34,2.46,3.2,3.54,2.52,3.06,3.28,2.42,3.4,3.3,2.2,3.3,3.25,2.2,3.48,3.35,2.31,3.77,3.37,2.34,3.39,3.28,2.26
07/11/2021,14:00,Leeds,Leicester,1,1,D,1,1,D,18,9,5,3,10,5,12,5,1,1,0,0,2.8,3.5,2.45,2.7,3.5,2.5,2.7,3.5,2.45,2.84,3.61,2.54,2.9,3.78,2.6,2.76,3.56,2.5,2.6,3.5,2.62,2.55,3.4,2.65,2.69,3.49,2.76,2.88,3.57,2.8,2.64,3.44,2.68
07/11/2021,16:30,West Ham,Liverpool,3,2,H,1,1,D,7,16,3,5,3,2,11,6,1,1,0,0,4.75,4.0,1.7,4.5,4.2,1.68,4.6,3.9,1.7,4.74,4.15,1.75,5.0,4.25,1.77,4.59,4.11,1.72,4.2,4.1,1.75,4.33,4.0,1.72,4.47,4.4,1.75,4.75,4.43,1.78,4.45,4.21,1.73
20/11/2021,12:30,Leicester,Chelsea,0,3,A,0,2,A,4,16,3,7,3,5,15,8,3,1,0,0,4.75,3.75,1.75,4.8,3.6,1.75,4.6,3.6,1.78,4.92,3.76,1.8,5.0,3.86,1.84,4.74,3.72,1.78,5.0,3.75,1.7,5.0,3.6,1.73,5.06,3.81,1.78,5.12,3.86,1.81,4.91,3.71,1.76
20/11/2021,15:00,Aston Villa,Brighton,2,0,H,0,0,D,9,6,5,2,5,7,7,13,3,3,0,0,2.45,3.3,2.9,2.4,3.3,2.9,2.4,3.2,3.0,2.48,3.33,3.14,2.52,3.47,3.15,2.43,3.31,3.04,2.45,3.3,2.9,2.4,3.3,2.9,2.5,3.37,3.08,2.58,3.4,3.23,2.48,3.29,3.0
20/11/2021,15:00,Burnley,Crystal Palace,3,3,D,2,3,A,15,18,9,8,3,6,14,15,2,3,0,0,2.7,3.2,2.7,2.7,3.25,2.6,2.7,3.1,2.7,2.79,3.29,2.79,2.9,3.33,2.83,2.77,3.23,2.7,2.8,3.2,2.62,2.7,3.25,2.6,2.86,3.25,2.74,2.95,3.54,2.8,2.85,3.18,2.68
20/11/2021,15:00,Newcastle,Brentford,3,3,D,2,2,D,23,10,9,4,8,2,13,11,2,2,0,0,2.62,3.4,2.7,2.6,3.4,2.65,2.6,3.3,2.7,2.67,3.42,2.81,2.75,3.58,2.82,2.64,3.37,2.72,2.4,3.4,2.9,2.6,3.4,2.65,2.51,3.45,3.0,2.7,3.78,3.07,2.48,3.39,2.92
20/11/2021,15:00,Norwich,Southampton,2,1,H,1,1,D,8,17,4,5,5,7,8,9,3,2,0,0,3.6,3.5,2.05,3.6,3.5,2.0,3.6,3.4,2.05,3.71,3.54,2.12,3.75,3.6,2.2,3.63,3.46,2.1,3.5,3.5,2.05,3.6,3.5,2.0,3.53,3.53,2.19,3.91,3.62,2.21,3.54,3.45,2.14
20/11/2021,15:00,Watford,Man United,4,1,H,2,0,H,20,9,7,3,9,3,7,5,2,1,0,1,6.5,4.75,1.45,6.0,4.5,1.5,6.0,4.33,1.5,6.25,4.69,1.53,6.7,4.9,1.55,6.22,4.65,1.5,6.5,4.5,1.45,6.25,4.5,1.49,6.58,4.8,1.5,7.23,5.0,1.55,6.42,4.62,1.5
20/11/2021,15:00,Wolves,West Ham,1,0,H,0,0,D,15,8,5,3,7,3,6,9,1,1,0,0,3.0,3.25,2.4,2.9,3.25,2.45,3.0,3.1,2.45,3.18,3.28,2.49,3.18,3.38,2.56,3.02,3.27,2.47,3.1,3.25,2.37,3.1,3.2,2.37,3.19,3.32,2.46,3.4,3.38,2.5,3.14,3.27,2.41
20/11/2021,17:30,Liverpool,Arsenal,4,0,H,1,0,H,19,5,9,3,6,1,15,12,2,0,0,0,1.45,4.75,6.5,1.47,4.8,6.0,1.47,4.4,6.5,1.47,5.0,6.84,1.53,5.0,7.16,1.48,4.77,6.38,1.5,4.75,5.75,1.47,4.8,6.0,1.55,4.68,6.09,1.57,5.2,6.55,1.52,4.7,5.93
21/11/2021,14:00,Man City,Everton,3,0,H,1,0,H,17,4,7,1,7,1,5,7,1,1,0,0,1.14,8.0,19.0,1.16,8.0,17.5,1.17,7.0,17.0,1.19,7.71,17.04,1.22,8.3,19.0,1.18,7.56,15.95,1.2,6.5,15.0,1.19,7.0,15.5,1.2,7.5,16.0,1.23,8.1,18.25,1.21,7.11,14.63
21/11/2021,16:30,Tottenham,Leeds,2,1,H,0,1,A,13,18,4,7,4,8,11,12,1,4,0,0,1.7,4.2,4.5,1.7,3.9,4.75,1.7,3.9,4.6,1.77,4.15,4.61,1.8,4.3,4.75,1.73,4.07,4.56,1.57,4.0,6.0,1.6,4.0,5.5,1.61,4.18,6.01,1.67,4.3,6.59,1.61,4.06,5.73
27/11/2021,12:30,Arsenal,Newcastle,2,0,H,0,0,D,24,9,6,5,4,4,6,12,1,3,0,0,1.44,4.75,7.0,1.46,5.0,6.0,1.44,4.6,6.5,1.48,4.95,6.77,1.52,5.0,7.0,1.47,4.77,6.61,1.5,4.5,6.0,1.47,4.6,6.25,1.53,4.52,6.63,1.55,4.76,7.0,1.51,4.54,6.3
27/11/2021,15:00,Crystal Palace,Aston Villa,1,2,A,0,1,A,8,10,3,3,7,3,12,10,3,3,0,0,2.2,3.4,3.3,2.2,3.4,3.2,2.2,3.3,3.3,2.3,3.4,3.42,2.32,3.56,3.52,2.24,3.37,3.36,2.25,3.3,3.3,2.2,3.3,3.3,2.36,3.26,3.43,2.4,3.57,3.45,2.32,3.23,3.32
27/11/2021,15:00,Liverpool,Southampton,4,0,H,3,0,H,20,7,6,3,5,7,7,14,0,1,0,0,1.28,6.0,9.0,1.29,6.0,9.5,1.28,5.5,10.0,1.3,6.08,10.1,1.33,6.37,11.0,1.29,5.99,9.78,1.25,6.0,11.0,1.24,6.75,11.0,1.25,6.75,12.0,1.3,7.1,13.0,1.25,6.5,11.34
27/11/2021,15:00,Norwich,Wolves,0,0,D,0,0,D,14,5,4,2,4,3,11,10,2,2,0,0,3.5,3.3,2.15,3.5,3.5,2.05,3.4,3.3,2.15,3.61,3.44,2.2,3.65,3.5,2.26,3.54,3.35,2.17,3.5,3.3,2.15,3.5,3.3,2.1,3.6,3.35,2.24,3.85,3.43,2.29,3.57,3.29,2.19
27/11/2021,17:30,Brighton,Leeds,0,0,D,0,0,D,20,11,4,4,6,1,12,14,1,3,0,0,2.05,3.4,3.75,1.98,3.5,3.75,2.05,3.25,3.75,2.14,3.44,3.78,2.18,3.5,3.92,2.11,3.41,3.67,2.15,3.3,3.4,2.1,3.3,3.5,2.23,3.34,3.64,2.26,3.62,3.7,2.19,3.31,3.54
28/11/2021,14:00,Brentford,Everton,1,0,H,1,0,H,6,14,4,5,3,3,8,11,4,3,0,0,2.25,3.2,3.4,2.2,3.25,3.4,2.25,3.1,3.4,2.29,3.33,3.51,2.34,3.4,3.6,2.25,3.27,3.4,2.15,3.25,3.5,2.15,3.3,3.3,2.29,3.26,3.62,2.31,3.35,3.79,2.25,3.21,3.52
28/11/2021,14:00,Leicester,Watford,4,2,H,3,1,H,18,16,8,5,8,6,5,19,0,0,0,0,1.61,4.0,5.5,1.58,4.1,5.5,1.62,4.0,5.25,1.65,4.16,5.57,1.68,4.38,5.73,1.63,4.15,5.26,1.65,3.8,5.25,1.71,3.8,4.8,1.69,4.05,5.33,1.76,4.1,5.81,1.7,3.9,5.1
28/11/2021,14:00,Man City,West Ham,2,1,H,1,0,H,19,5,9,3,8,4,7,6,2,0,0,0,1.28,5.75,10.0,1.32,5.25,9.5,1.29,5.5,10.0,1.3,5.98,10.56,1.34,6.25,11.0,1.3,5.82,10.01,1.25,6.0,11.0,1.28,6.0,10.0,1.27,6.5,11.0,1.31,6.9,12.0,1.27,6.21,10.75
28/11/2021,16:30,Chelsea,Man United,1,1,D,0,0,D,24,3,6,2,15,2,13,14,2,5,0,0,1.57,4.0,6.0,1.58,4.2,5.5,1.57,4.0,5.8,1.63,4.21,5.75,1.65,4.31,6.2,1.61,4.12,5.67,1.53,4.0,6.5,1.55,4.2,5.75,1.58,4.21,6.44,1.59,4.4,7.16,1.56,4.21,6.21
30/11/2021,19:30,Newcastle,Norwich,1,1,D,0,0,D,9,16,1,6,2,5,8,11,0,0,0,1,1.95,3.5,3.9,1.93,3.6,3.8,1.95,3.6,3.75,2.02,3.68,3.91,2.06,3.75,3.98,1.99,3.63,3.82,2.0,3.5,3.75,2.05,3.5,3.5,2.09,3.6,3.75,2.21,3.63,4.12,2.11,3.51,3.56
30/11/2021,20:15,Leeds,Crystal Palace,1,0,H,0,0,D,15,9,3,1,7,4,15,15,5,3,0,0,2.4,3.3,3.0,2.4,3.3,2.9,2.4,3.2,3.0,2.43,3.41,3.15,2.52,3.43,3.17,2.42,3.33,3.06,2.2,3.4,3.25,2.15,3.3,3.4,2.36,3.39,3.31,2.36,3.48,3.55,2.25,3.34,3.35
01/12/2021,19:30,Southampton,Leicester,2,2,D,2,1,H,15,15,7,6,2,4,14,11,1,3,0,0,2.37,3.5,2.87,2.3,3.5,2.9,2.38,3.3,3.0,2.47,3.56,2.98,2.56,3.56,3.0,2.43,3.47,2.91,2.25,3.5,3.1,2.25,3.25,3.25,2.42,3.57,3.02,2.5,3.57,3.25,2.36,3.46,3.07
01/12/2021,19:30,Watford,Chelsea,1,2,A,1,1,D,13,8,6,4,6,0,18,16,4,3,0,0,10.0,5.25,1.3,9.5,5.25,1.32,11.0,5.0,1.3,10.31,5.61,1.33,11.5,5.75,1.35,10.3,5.43,1.31,9.0,5.25,1.33,9.5,5.25,1.32,11.04,5.51,1.32,11.12,5.7,1.39,9.78,5.33,1.33
01/12/2021,19:30,West Ham,Brighton,1,1,D,1,0,H,14,9,6,3,9,5,10,8,1,1,0,0,1.95,3.6,3.8,1.95,3.6,3.7,2.0,3.4,3.8,2.05,3.6,3.87,2.08,3.67,4.0,2.01,3.53,3.79,1.95,3.4,4.0,2.0,3.3,3.9,2.04,3.45,4.49,2.05,3.65,4.5,1.98,3.45,4.14
01/12/2021,19:30,Wolves,Burnley,0,0,D,0,0,D,16,6,2,1,5,5,5,7,2,3,0,0,1.85,3.5,4.33,1.85,3.5,4.33,1.91,3.3,4.2,1.98,3.43,4.39,2.02,3.53,4.44,1.95,3.41,4.23,1.9,3.4,4.2,1.93,3.3,4.2,1.88,3.43,4.94,2.05,3.51,4.94,1.94,3.37,4.4
01/12/2021,20:15,Aston Villa,Man City,1,2,A,0,2,A,9,17,3,7,4,11,8,12,0,0,0,0,9.0,5.25,1.33,8.5,5.0,1.36,9.0,5.0,1.33,8.57,5.25,1.39,10.0,5.5,1.41,8.6,5.2,1.36,7.0,4.33,1.45,7.0,4.5,1.44,7.4,4.69,1.48,8.0,4.9,1.48,7.35,4.63,1.45
01/12/2021,20:15,Everton,Liverpool,1,4,A,1,2,A,8,16,2,7,3,11,8,16,4,3,0,0,7.5,5.25,1.36,7.25,5.0,1.39,7.5,4.8,1.38,7.67,5.17,1.43,8.5,5.31,1.44,7.52,5.05,1.41,8.0,5.0,1.36,8.5,5.25,1.35,9.13,5.18,1.38,9.5,5.7,1.41,8.49,5.18,1.37
02/12/2021,19:30,Tottenham,Brentford,2,0,H,1,0,H,11,6,6,2,11,5,13,11,0,0,0,0,1.6,4.2,5.25,1.65,3.9,5.0,1.63,4.0,5.0,1.67,4.22,5.34,1.7,4.3,5.6,1.64,4.07,5.25,1.61,3.9,5.5,1.63,3.9,5.25,1.69,3.98,5.44,1.7,4.25,6.06,1.66,3.93,5.46
02/12/2021,20:15,Man United,Arsenal,3,2,H,1,1,D,14,17,10,8,3,8,9,10,1,0,0,0,1.95,3.75,3.75,2.0,3.6,3.5,1.95,3.6,3.7,2.07,3.68,3.75,2.1,3.85,3.76,2.02,3.66,3.66,2.1,3.5,3.4,2.05,3.5,3.4,2.08,3.76,3.58,2.18,3.82,3.85,2.07,3.66,3.52
04/12/2021,12:30,West Ham,Chelsea,3,2,H,1,2,A,11,19,5,7,1,9,10,10,1,3,0,0,4.75,3.6,1.75,4.6,3.7,1.77,4.6,3.7,1.75,4.85,3.58,1.85,5.0,3.75,1.9,4.7,3.6,1.82,4.75,3.75,1.75,4.6,3.7,1.77,4.92,3.65,1.83,5.19,3.81,1.84,4.84,3.64,1.8
04/12/2021,15:00,Newcastle,Burnley,1,0,H,1,0,H,19,10,4,1,10,3,11,9,1,1,0,0,2.3,3.3,3.2,2.25,3.4,3.1,2.25,3.25,3.2,2.4,3.38,3.22,2.44,3.59,3.26,2.33,3.35,3.19,2.3,3.4,3.0,2.25,3.4,3.1,2.41,3.49,3.09,2.46,3.53,3.25,2.36,3.44,3.07
04/12/2021,15:00,Southampton,Brighton,1,1,D,1,0,H,14,14,4,4,6,2,15,12,4,2,0,0,2.45,3.2,3.0,2.45,3.2,2.95,2.45,3.0,3.1,2.48,3.25,3.22,2.54,3.4,3.26,2.45,3.21,3.1,2.6,3.1,2.87,2.37,3.1,3.1,2.65,3.23,2.96,2.72,3.41,3.35,2.57,3.16,2.99
04/12/2021,15:00,Wolves,Liverpool,0,1,A,0,0,D,3,17,1,5,2,8,4,7,2,2,0,0,8.0,4.75,1.4,7.25,4.75,1.42,7.5,4.5,1.42,8.08,4.72,1.45,8.33,5.19,1.47,7.73,4.75,1.43,8.5,5.0,1.36,7.25,5.0,1.4,9.24,5.16,1.38,9.6,5.5,1.44,8.46,5.02,1.39
04/12/2021,17:30,Watford,Man City,1,3,A,0,2,A,11,26,4,13,5,11,10,7,3,0,0,0,12.0,7.0,1.2,15.5,7.5,1.18,13.0,6.5,1.2,14.88,7.43,1.21,17.0,7.7,1.23,14.65,7.19,1.2,12.0,7.0,1.2,13.0,7.5,1.2,15.0,7.0,1.22,16.0,8.05,1.24,13.55,7.1,1.21
05/12/2021,14:00,Leeds,Brentford,2,2,D,1,0,H,13,9,6,3,5,1,11,9,5,3,0,0,1.95,3.6,3.8,1.85,3.7,4.0,1.95,3.4,3.9,1.98,3.63,4.13,2.0,3.8,4.2,1.94,3.62,3.99,1.83,3.5,4.5,1.82,3.5,4.4,1.83,3.63,4.94,1.92,3.64,5.2,1.84,3.52,4.75
05/12/2021,14:00,Man United,Crystal Palace,1,0,H,0,0,D,16,8,3,2,9,6,16,9,2,2,0,0,1.5,4.33,6.5,1.55,4.2,5.75,1.55,4.0,6.0,1.59,4.13,6.46,1.61,4.45,6.6,1.57,4.19,6.09,1.5,4.33,6.5,1.51,4.4,6.0,1.54,4.49,6.56,1.55,4.7,7.13,1.52,4.46,6.42
05/12/2021,14:00,Tottenham,Norwich,3,0,H,1,0,H,17,10,7,1,6,4,11,4,1,2,0,0,1.36,5.0,8.5,1.4,4.75,7.75,1.4,4.4,8.5,1.43,4.9,8.28,1.45,5.0,8.5,1.41,4.75,8.11,1.44,4.5,7.0,1.46,4.4,6.75,1.48,4.51,7.94,1.51,4.73,8.7,1.46,4.49,7.52
05/12/2021,16:30,Aston Villa,Leicester,2,1,H,1,1,D,13,12,4,5,3,6,8,25,1,1,0,0,2.37,3.4,3.0,2.37,3.5,2.87,2.35,3.4,2.9,2.38,3.49,3.17,2.51,3.66,3.19,2.36,3.45,3.03,2.2,3.4,3.3,2.2,3.3,3.3,2.4,3.42,3.17,2.4,3.55,3.51,2.26,3.43,3.27
06/12/2021,20:00,Everton,Arsenal,2,1,H,0,1,A,11,10,5,3,3,3,8,12,2,2,0,0,3.4,3.5,2.1,3.2,3.5,2.2,3.4,3.4,2.1,3.45,3.65,2.18,3.62,3.7,2.26,3.38,3.52,2.16,3.6,3.5,2.05,3.6,3.5,2.0,3.33,3.42,2.31,3.95,3.64,2.38,3.47,3.44,2.18
10/12/2021,20:00,Brentford,Watford,2,1,H,0,1,A,14,6,5,2,8,2,12,18,4,0,0,0,2.25,3.3,3.3,2.05,3.5,3.5,2.2,3.2,3.4,2.32,3.33,3.44,2.36,3.45,3.45,2.29,3.32,3.34,2.45,3.3,2.87,2.05,3.5,3.5,2.63,3.45,2.82,2.63,3.65,3.21,2.52,3.32,2.94
11/12/2021,12:30,Man City,Wolves,1,0,H,0,0,D,24,2,10,1,14,1,12,5,3,2,0,1,1.14,8.0,19.0,1.17,7.75,16.0,1.14,7.5,21.0,1.17,8.21,20.21,1.19,8.8,25.0,1.16,8.11,20.35,1.14,8.0,19.0,1.17,7.75,16.0,1.16,8.25,21.0,1.2,8.64,22.0,1.17,7.8,18.64
11/12/2021,15:00,Arsenal,Southampton,3,0,H,2,0,H,15,11,5,6,9,8,5,9,2,0,0,0,1.61,4.0,5.5,1.65,4.0,5.0,1.63,3.9,5.25,1.68,4.01,5.61,1.71,4.25,5.61,1.67,3.99,5.32,1.75,3.75,4.5,1.65,4.0,5.0,1.75,4.1,4.76,1.81,4.15,5.2,1.75,3.92,4.76
11/12/2021,15:00,Chelsea,Leeds,3,2,H,1,1,D,16,12,6,5,5,2,9,15,2,5,0,0,1.25,5.75,12.0,1.3,5.5,10.0,1.25,5.5,13.0,1.28,6.1,11.9,1.32,6.25,13.75,1.28,5.95,11.46,1.2,6.5,13.0,1.3,5.5,10.0,1.25,6.75,13.0,1.3,7.63,14.75,1.24,6.6,12.72
11/12/2021,15:00,Liverpool,Aston Villa,1,0,H,0,0,D,20,4,5,0,11,3,13,6,1,2,0,0,1.2,7.0,13.0,1.25,6.25,10.5,1.24,6.0,11.0,1.23,7.15,12.65,1.27,7.25,13.04,1.23,6.85,11.92,1.22,6.5,12.0,1.25,6.25,10.5,1.24,6.75,13.0,1.27,7.3,13.0,1.24,6.71,11.84
11/12/2021,17:30,Norwich,Man United,0,1,A,0,0,D,11,13,5,5,8,6,6,17,1,1,0,0,7.0,4.5,1.45,6.5,4.6,1.46,7.0,4.4,1.44,7.52,4.9,1.45,7.52,4.94,1.47,7.25,4.73,1.45,7.0,4.5,1.44,6.5,4.6,1.46,7.48,5.11,1.44,8.1,5.25,1.47,7.35,4.91,1.43
12/12/2021,14:00,Burnley,West Ham,0,0,D,0,0,D,9,16,1,3,6,4,13,11,2,1,0,0,3.6,3.6,2.0,3.6,3.6,1.98,3.5,3.5,2.05,3.74,3.75,2.05,3.75,3.77,2.12,3.61,3.64,2.05,3.4,3.5,2.1,3.6,3.6,1.98,3.58,3.53,2.16,3.74,3.61,2.23,3.44,3.47,2.17
12/12/2021,14:00,Leicester,Newcastle,4,0,H,1,0,H,8,12,5,3,4,6,9,16,2,3,0,0,1.66,4.1,4.75,1.68,4.0,4.75,1.72,3.9,4.4,1.78,4.01,4.71,1.78,4.28,4.82,1.75,4.01,4.56,1.7,4.0,4.75,1.68,4.0,4.75,1.7,4.12,5.06,1.79,4.15,5.19,1.74,4.01,4.64
12/12/2021,16:30,Crystal Palace,Everton,3,1,H,1,0,H,17,12,6,6,8,2,15,14,0,2,0,0,2.3,3.2,3.3,2.25,3.25,3.2,2.25,3.2,3.3,2.3,3.22,3.63,2.36,3.42,3.67,2.29,3.21,3.42,2.1,3.2,3.75,2.25,3.25,3.2,2.27,3.25,3.66,2.32,3.3,3.8,2.25,3.19,3.56
14/12/2021,19:45,Norwich,Aston Villa,0,2,A,0,1,A,7,17,3,6,7,10,12,9,3,1,0,0,3.3,3.3,2.25,3.3,3.25,2.25,3.4,3.0,2.3,3.45,3.3,2.33,3.58,3.35,2.36,3.37,3.26,2.29,3.5,3.4,2.1,3.6,3.25,2.1,3.78,3.43,2.14,3.9,3.55,2.19,3.71,3.36,2.12
14/12/2021,20:00,Man City,Leeds,7,0,H,3,0,H,31,6,15,3,6,2,5,9,1,1,0,0,1.14,8.5,15.0,1.14,8.75,19.0,1.14,8.0,19.0,1.16,9.0,19.75,1.18,9.5,21.0,1.15,8.7,18.17,1.14,8.5,15.0,1.15,9.0,16.0,1.14,9.5,20.0,1.18,10.1,20.59,1.15,9.07,17.53
15/12/2021,19:30,Brighton,Wolves,0,1,A,0,1,A,12,8,2,5,7,4,11,14,2,0,0,0,2.25,3.1,3.5,2.2,3.0,3.6,2.3,2.9,3.6,2.37,3.05,3.66,2.42,3.25,3.7,2.32,3.05,3.51,2.0,3.1,4.5,2.1,3.1,3.8,2.0,3.25,4.6,2.38,3.45,4.65,2.07,3.18,4.19
15/12/2021,19:30,Crystal Palace,Southampton,2,2,D,1,2,A,9,15,6,4,4,6,16,20,2,4,0,0,2.15,3.3,3.5,2.15,3.3,3.5,2.1,3.4,3.5,2.17,3.41,3.71,2.22,3.56,3.76,2.14,3.38,3.59,1.95,3.4,4.0,1.98,3.4,3.8,2.03,3.49,4.08,2.27,3.55,4.25,2.09,3.41,3.77
15/12/2021,20:00,Arsenal,West Ham,2,0,H,0,0,D,21,7,8,1,5,2,8,9,2,0,0,1,2.1,3.6,3.3,2.15,3.6,3.2,2.15,3.5,3.25,2.27,3.58,3.32,2.28,3.78,3.44,2.2,3.58,3.26,2.0,3.6,3.6,2.05,3.6,3.4,2.3,3.62,3.19,2.3,3.76,3.78,2.09,3.59,3.58
16/12/2021,19:45,Chelsea,Everton,1,1,D,0,0,D,23,5,10,3,7,1,11,11,2,3,0,0,1.22,6.5,13.0,1.24,6.25,12.5,1.24,5.8,12.0,1.24,6.36,14.4,1.27,6.75,15.0,1.24,6.17,13.27,1.18,6.5,19.0,1.2,6.75,14.5,1.23,7.83,16.72,1.25,7.83,21.0,1.21,6.99,16.25
16/12/2021,20:00,Liverpool,Newcastle,3,1,H,2,1,H,23,4,8,2,11,0,9,4,1,3,0,0,1.12,9.0,19.0,1.12,9.25,21.0,1.11,8.5,23.0,1.13,9.72,24.98,1.15,10.25,24.98,1.12,9.52,21.43,1.11,9.5,21.0,1.1,11.0,26.0,1.1,12.0,27.0,1.15,13.0,35.0,1.11,10.85,24.82
18/12/2021,17:30,Leeds,Arsenal,1,4,A,0,3,A,9,21,2,12,1,4,11,7,3,1,0,0,3.9,3.8,1.83,3.9,3.8,1.85,3.75,3.7,1.91,3.89,3.84,1.93,4.0,3.95,1.98,3.89,3.78,1.91,5.25,4.33,1.57,5.25,4.1,1.61,5.58,4.41,1.62,6.4,4.65,1.63,5.8,4.35,1.57
19/12/2021,14:00,Newcastle,Man City,0,4,A,0,2,A,5,18,1,7,3,6,9,6,1,2,0,0,13.0,7.5,1.18,13.5,7.5,1.19,17.0,7.0,1.17,16.21,7.42,1.18,20.0,8.3,1.21,16.25,7.72,1.18,21.0,9.0,1.11,18.0,9.75,1.13,23.5,10.0,1.13,26.0,11.0,1.15,20.93,9.45,1.13
19/12/2021,14:00,Wolves,Chelsea,0,0,D,0,0,D,4,8,1,1,4,9,9,7,0,2,0,0,7.0,4.2,1.5,6.25,3.8,1.57,6.5,3.8,1.55,6.52,3.92,1.59,7.0,4.2,1.62,6.42,3.93,1.58,5.5,3.4,1.72,5.25,3.5,1.72,5.74,3.54,1.76,6.12,3.57,1.88,5.4,3.42,1.79
19/12/2021,16:30,Tottenham,Liverpool,2,2,D,1,1,D,10,18,5,6,6,4,12,11,4,4,0,1,5.25,4.75,1.53,5.25,4.4,1.57,5.25,4.4,1.55,5.19,4.78,1.57,5.65,4.9,1.62,5.18,4.5,1.59,4.75,4.1,1.66,4.6,4.1,1.68,5.13,4.4,1.65,5.28,4.5,1.74,4.82,4.17,1.69
26/12/2021,15:00,Man City,Leicester,6,3,H,4,0,H,17,14,9,8,14,4,11,9,1,2,0,0,1.18,7.5,13.0,1.18,8.0,13.5,1.18,7.0,15.0,1.19,7.91,13.72,1.22,8.4,18.0,1.18,7.85,14.75,1.12,10.0,17.0,1.14,9.75,15.5,1.13,10.5,21.0,1.17,11.5,23.0,1.13,10.01,18.83
26/12/2021,15:00,Norwich,Arsenal,0,5,A,0,2,A,4,16,2,6,3,5,13,7,1,2,0,0,8.0,4.75,1.4,6.75,4.75,1.43,7.5,4.4,1.42,8.02,4.81,1.42,8.3,5.0,1.46,7.73,4.77,1.42,6.5,4.5,1.5,6.0,4.5,1.51,6.58,4.54,1.53,7.14,4.7,1.56,6.42,4.48,1.52
26/12/2021,15:00,Tottenham,Crystal Palace,3,0,H,2,0,H,17,4,6,0,4,2,16,10,1,1,0,1,1.72,3.8,4.75,1.7,3.9,4.8,1.7,3.7,5.0,1.7,3.91,5.21,1.76,4.02,5.4,1.72,3.87,4.97,1.7,3.8,5.0,1.7,3.9,4.8,1.75,3.87,5.14,1.76,3.92,5.54,1.72,3.81,5.07
26/12/2021,15:00,West Ham,Southampton,2,3,A,0,1,A,11,11,5,6,10,2,10,9,2,3,0,0,1.8,3.9,4.2,1.88,3.6,4.0,1.85,3.7,4.0,1.86,3.78,4.28,1.92,4.04,4.4,1.85,3.8,4.18,1.9,3.75,3.8,1.98,3.5,3.8,1.98,3.66,4.07,2.01,3.85,4.17,1.96,3.64,3.94
26/12/2021,17:30,Aston Villa,Chelsea,1,3,A,1,1,D,8,10,1,4,2,5,8,11,3,1,0,0,5.25,3.8,1.65,5.5,3.75,1.65,5.25,3.7,1.67,5.57,3.77,1.69,5.8,3.95,1.75,5.35,3.77,1.7,5.25,3.8,1.65,5.0,3.7,1.7,5.37,3.91,1.71,5.5,3.95,1.77,5.19,3.77,1.72
26/12/2021,20:00,Brighton,Brentford,2,0,H,2,0,H,15,16,5,6,6,9,8,10,1,3,0,0,1.9,3.4,4.2,1.93,3.5,4.0,1.95,3.4,4.0,1.95,3.49,4.25,2.02,3.6,4.36,1.95,3.45,4.15,1.9,3.4,4.33,1.9,3.3,4.33,1.99,3.41,4.42,2.01,3.55,4.7,1.95,3.41,4.3
27/12/2021,20:00,Newcastle,Man United,1,1,D,1,0,H,13,13,8,4,2,4,11,8,3,3,0,0,6.5,4.75,1.44,6.0,4.6,1.47,6.5,4.4,1.47,6.92,4.46,1.49,7.2,4.84,1.52,6.66,4.58,1.48,6.5,4.75,1.45,6.25,4.75,1.47,6.28,4.74,1.53,7.23,5.2,1.57,6.38,4.7,1.5
28/12/2021,15:00,Crystal Palace,Norwich,3,0,H,3,0,H,19,12,6,3,8,8,9,13,1,2,0,0,1.65,3.75,5.5,1.66,3.6,5.75,1.63,3.75,5.5,1.69,3.77,5.91,1.74,3.92,6.09,1.68,3.74,5.68,1.72,3.5,5.25,1.71,3.5,5.25,1.78,3.6,5.48,1.8,3.79,5.82,1.74,3.59,5.35
28/12/2021,15:00,Southampton,Tottenham,1,1,D,1,1,D,9,21,2,11,3,7,15,5,2,2,1,0,3.75,3.5,2.0,3.5,3.5,2.05,3.6,3.5,2.0,3.87,3.52,2.08,3.96,3.67,2.11,3.74,3.51,2.05,3.75,3.5,2.0,3.7,3.4,2.0,3.77,3.37,2.17,4.12,3.57,2.22,3.7,3.41,2.11
28/12/2021,15:00,Watford,West Ham,1,4,A,1,2,A,14,13,5,6,4,5,12,12,0,1,0,0,3.4,3.6,2.1,3.3,3.5,2.15,3.25,3.5,2.15,3.35,3.6,2.24,3.45,3.75,2.26,3.28,3.58,2.2,3.6,3.75,1.95,3.5,3.6,2.0,3.59,3.84,2.07,3.97,3.85,2.15,3.52,3.7,2.06
28/12/2021,20:00,Leicester,Liverpool,1,0,H,0,0,D,6,21,1,4,1,12,8,11,0,1,0,0,8.0,5.5,1.33,7.5,5.75,1.35,8.0,5.25,1.35,7.76,5.82,1.38,8.6,6.4,1.4,7.72,5.72,1.36,9.0,6.0,1.28,8.25,6.25,1.3,8.27,6.23,1.33,9.85,6.56,1.37,8.66,6.13,1.31
29/12/2021,19:30,Chelsea,Brighton,1,1,D,1,0,H,11,18,5,6,10,8,14,7,4,1,0,0,1.4,4.5,7.5,1.44,4.33,7.75,1.42,4.33,8.0,1.42,4.56,8.59,1.47,4.81,9.17,1.43,4.5,8.18,1.33,5.0,9.5,1.35,4.8,9.5,1.35,5.04,11.23,1.4,5.55,11.51,1.35,5.04,10.37
29/12/2021,20:15,Brentford,Man City,0,1,A,0,1,A,6,12,2,3,3,5,12,10,0,0,0,0,19.0,8.0,1.14,15.5,8.0,1.17,17.0,7.5,1.15,16.97,7.96,1.17,21.0,8.7,1.19,17.6,7.93,1.17,17.0,9.0,1.12,14.0,8.25,1.17,14.33,8.47,1.19,18.0,10.1,1.2,15.88,8.3,1.17
30/12/2021,20:15,Man United,Burnley,3,1,H,3,1,H,18,10,6,3,7,5,5,10,0,0,0,0,1.36,5.0,9.0,1.36,5.0,8.5,1.36,4.75,8.5,1.38,4.97,8.67,1.42,5.25,9.5,1.38,4.99,8.54,1.36,5.0,8.0,1.35,5.0,9.0,1.39,4.97,9.7,1.41,5.3,10.0,1.37,5.01,8.98
01/01/2022,12:30,Arsenal,Man City,1,2,A,1,0,H,7,15,2,2,5,5,13,5,3,2,1,0,5.75,4.75,1.5,6.0,4.6,1.49,5.8,4.33,1.52,6.01,4.57,1.53,6.27,4.9,1.59,5.91,4.62,1.53,5.25,4.2,1.6,5.25,4.2,1.6,5.24,4.21,1.68,5.5,4.45,1.69,5.21,4.18,1.65
01/01/2022,15:00,Watford,Tottenham,0,1,A,0,0,D,6,21,4,9,3,7,6,9,0,1,0,0,5.0,4.2,1.61,5.25,4.2,1.6,5.25,3.9,1.63,5.42,4.25,1.62,5.6,4.35,1.66,5.32,4.17,1.62,5.5,4.0,1.6,5.75,4.0,1.58,6.01,4.12,1.63,6.45,4.27,1.68,5.67,4.1,1.62
01/01/2022,17:30,Crystal Palace,West Ham,2,3,A,0,3,A,22,10,6,5,9,1,6,16,0,2,0,0,3.1,3.4,2.3,3.2,3.5,2.15,3.0,3.4,2.3,3.09,3.41,2.4,3.29,3.66,2.42,3.09,3.46,2.33,3.4,3.4,2.15,3.3,3.3,2.2,3.56,3.37,2.25,3.77,3.47,2.32,3.45,3.32,2.23
02/01/2022,14:00,Brentford,Aston Villa,2,1,H,1,1,D,10,16,4,5,3,7,17,11,2,2,0,0,3.0,3.3,2.4,2.95,3.25,2.4,2.9,3.25,2.45,3.09,3.3,2.46,3.12,3.48,2.58,3.0,3.31,2.45,2.8,3.25,2.55,2.75,3.3,2.55,2.95,3.21,2.69,3.12,3.45,2.72,2.87,3.23,2.62
02/01/2022,14:00,Everton,Brighton,2,3,A,0,2,A,17,12,6,5,8,5,5,12,1,1,0,0,2.75,3.2,2.62,2.85,3.0,2.7,2.7,3.1,2.7,2.87,3.08,2.78,2.91,3.33,2.9,2.78,3.16,2.72,3.0,3.1,2.5,2.85,3.0,2.65,2.91,3.12,2.67,3.12,3.25,2.98,2.88,3.11,2.71
02/01/2022,14:00,Leeds,Burnley,3,1,H,1,0,H,22,8,7,2,9,3,11,7,2,1,0,0,2.05,3.5,3.5,1.95,3.5,3.75,2.05,3.5,3.5,2.02,3.59,3.83,2.15,3.78,3.95,2.03,3.57,3.65,2.0,3.5,3.6,2.0,3.5,3.7,2.12,3.52,3.73,2.14,3.92,3.9,2.05,3.59,3.67
02/01/2022,16:30,Chelsea,Liverpool,2,2,D,2,2,D,15,10,6,6,6,7,5,13,1,2,0,0,3.1,3.5,2.25,2.95,3.5,2.3,3.1,3.4,2.25,3.14,3.6,2.29,3.28,3.68,2.38,3.06,3.54,2.31,2.5,3.5,2.7,2.6,3.4,2.6,2.67,3.58,2.72,2.74,3.61,2.88,2.61,3.48,2.72
03/01/2022,17:30,Man United,Wolves,0,1,A,0,0,D,9,19,2,6,3,8,9,8,3,1,0,0,1.53,4.33,6.0,1.55,4.2,5.75,1.55,3.9,6.5,1.56,4.37,5.98,1.61,4.5,6.5,1.56,4.17,6.08,1.65,3.75,5.75,1.66,3.75,5.25,1.74,3.74,5.53,1.74,3.9,6.28,1.69,3.75,5.58
11/01/2022,19:45,Southampton,Brentford,4,1,H,2,1,H,12,5,6,4,5,2,9,8,0,1,0,0,2.05,3.4,3.6,2.0,3.4,3.75,2.05,3.25,3.8,2.15,3.37,3.82,2.18,3.45,3.97,2.11,3.37,3.73,2.1,3.25,3.6,2.1,3.3,3.5,2.23,3.33,3.67,2.26,3.5,3.99,2.18,3.31,3.57
12/01/2022,19:45,West Ham,Norwich,2,0,H,1,0,H,13,7,5,3,11,2,9,8,0,0,0,0,1.28,5.5,10.0,1.3,5.25,10.5,1.3,5.0,11.0,1.32,5.53,10.04,1.34,6.0,11.33,1.31,5.52,10.28,1.36,5.0,8.0,1.41,4.8,7.5,1.4,5.15,8.47,1.45,5.35,9.7,1.4,4.96,7.99
14/01/2022,20:00,Brighton,Crystal Palace,1,1,D,0,0,D,19,3,4,1,9,0,11,7,0,2,0,0,2.05,3.3,3.8,2.05,3.2,4.0,2.05,3.2,3.9,2.11,3.29,4.08,2.2,3.4,4.12,2.1,3.28,3.91,2.05,3.3,3.8,1.98,3.3,4.0,2.05,3.4,4.14,2.12,3.62,4.2,2.04,3.37,3.96
15/01/2022,12:30,Man City,Chelsea,1,0,H,0,0,D,11,4,6,1,9,1,11,6,0,2,0,0,1.65,4.0,5.0,1.68,3.9,5.0,1.67,3.75,5.25,1.72,3.79,5.2,1.77,4.1,5.4,1.72,3.87,5.0,1.6,4.2,5.25,1.61,4.2,5.0,1.67,4.21,5.35,1.74,4.56,5.75,1.63,4.2,5.3
15/01/2022,15:00,Newcastle,Watford,1,1,D,0,0,D,12,18,1,5,4,6,13,13,3,2,0,0,2.0,3.6,3.6,2.0,3.5,3.7,2.05,3.4,3.6,2.05,3.74,3.59,2.12,3.75,3.72,2.06,3.62,3.55,1.8,3.8,4.33,1.83,3.6,4.33,1.84,3.71,4.61,2.03,3.95,4.61,1.84,3.75,4.35
15/01/2022,15:00,Norwich,Everton,2,1,H,2,0,H,14,12,3,5,8,8,12,14,3,1,0,0,3.75,3.5,2.0,3.6,3.4,2.05,3.6,3.4,2.05,3.77,3.54,2.06,4.0,3.6,2.12,3.74,3.48,2.05,3.5,3.3,2.15,3.25,3.25,2.25,3.56,3.37,2.25,3.8,3.48,2.32,3.42,3.33,2.24
15/01/2022,15:00,Wolves,Southampton,3,1,H,1,0,H,9,13,5,10,2,10,13,14,2,3,0,0,2.25,3.2,3.4,2.25,3.2,3.3,2.3,3.0,3.4,2.35,3.18,3.4,2.4,3.3,3.72,2.32,3.16,3.4,2.37,3.0,3.3,2.4,3.0,3.2,2.49,3.04,3.44,2.57,3.2,3.62,2.42,3.1,3.3
15/01/2022,17:30,Aston Villa,Man United,2,2,D,0,1,A,13,13,9,6,3,6,8,13,1,2,0,0,2.87,3.5,2.4,3.0,3.5,2.25,2.9,3.4,2.35,2.89,3.51,2.49,3.0,3.64,2.54,2.92,3.49,2.42,2.5,3.5,2.75,2.5,3.6,2.65,2.49,3.61,2.91,2.95,3.61,2.95,2.56,3.49,2.77
16/01/2022,14:00,Liverpool,Brentford,3,0,H,1,0,H,27,6,13,1,9,0,6,6,0,1,0,0,1.3,5.5,10.0,1.31,5.5,9.5,1.27,5.5,11.0,1.3,5.82,10.45,1.33,6.05,13.0,1.3,5.68,10.64,1.22,6.5,12.0,1.25,6.0,11.5,1.29,6.25,11.37,1.3,6.79,13.6,1.28,6.13,11.02
16/01/2022,14:00,West Ham,Leeds,2,3,A,1,2,A,15,18,5,5,4,3,6,9,3,2,0,0,1.61,4.2,5.0,1.6,4.2,5.25,1.63,4.0,5.0,1.65,4.28,5.13,1.7,4.44,5.5,1.65,4.21,4.98,1.61,4.2,5.0,1.65,4.1,4.8,1.69,4.24,5.03,1.72,4.63,5.2,1.68,4.2,4.88
18/01/2022,20:00,Brighton,Chelsea,1,1,D,0,1,A,10,15,2,3,5,7,8,5,1,2,0,0,4.75,3.75,1.72,4.5,3.7,1.78,5.0,3.5,1.72,4.75,3.79,1.78,5.25,3.88,1.82,4.81,3.72,1.77,5.25,3.6,1.66,5.25,3.7,1.66,5.48,3.81,1.72,6.3,4.03,1.84,5.62,3.77,1.67
19/01/2022,19:30,Leicester,Tottenham,2,3,A,1,1,D,14,27,4,10,3,8,6,12,1,2,0,0,3.0,3.5,2.3,3.1,3.3,2.3,3.0,3.3,2.35,3.12,3.41,2.38,3.22,3.6,2.47,3.04,3.42,2.36,3.1,3.5,2.25,3.2,3.4,2.2,3.34,3.5,2.27,3.45,3.88,2.4,3.23,3.44,2.28
19/01/2022,20:00,Brentford,Man United,1,3,A,0,0,D,18,13,8,5,6,9,7,9,0,0,0,0,4.5,3.7,1.8,4.75,3.5,1.77,4.4,3.5,1.83,4.68,3.46,1.88,4.8,3.89,1.88,4.51,3.64,1.83,4.6,3.8,1.75,4.5,3.6,1.8,4.91,3.91,1.76,5.1,3.99,1.87,4.59,3.71,1.81
21/01/2022,20:00,Watford,Norwich,0,3,A,0,0,D,15,7,4,2,5,1,16,11,0,1,1,0,2.0,3.5,3.75,2.05,3.6,3.5,2.05,3.4,3.6,2.09,3.53,3.66,2.12,3.62,3.78,2.07,3.52,3.63,2.0,3.5,3.75,1.93,3.6,3.8,2.07,3.54,3.88,2.1,3.6,3.95,2.04,3.52,3.78
22/01/2022,12:30,Everton,Aston Villa,0,1,A,0,1,A,15,8,1,3,9,2,14,16,5,3,0,0,2.75,3.25,2.62,2.6,3.3,2.65,2.7,3.2,2.62,2.82,3.25,2.7,2.86,3.4,2.76,2.75,3.29,2.66,2.7,3.4,2.62,2.8,3.3,2.5,2.65,3.63,2.69,3.02,3.75,2.76,2.75,3.41,2.62
22/01/2022,15:00,Brentford,Wolves,1,2,A,0,0,D,11,7,1,2,6,3,6,7,2,3,0,0,3.2,2.8,2.6,3.0,3.0,2.55,3.0,3.0,2.55,3.15,3.11,2.54,3.21,3.22,2.63,3.09,3.05,2.54,2.37,3.1,3.25,2.3,3.1,3.3,2.53,3.07,3.33,2.7,3.43,3.4,2.48,3.04,3.25
22/01/2022,15:00,Leeds,Newcastle,0,1,A,0,0,D,13,15,4,3,6,7,9,9,4,2,0,0,2.0,3.5,3.75,1.9,3.7,3.8,2.0,3.6,3.6,2.03,3.72,3.67,2.06,3.85,3.8,2.01,3.72,3.63,1.9,3.9,3.75,1.9,3.7,3.8,1.86,4.06,4.17,2.0,4.3,4.2,1.9,3.88,3.96
22/01/2022,15:00,Man United,West Ham,1,0,H,0,0,D,18,6,3,1,3,3,9,8,1,1,0,0,1.85,3.8,4.0,1.87,3.8,3.8,1.91,3.7,3.75,1.93,3.85,3.9,1.97,3.96,4.1,1.91,3.8,3.88,2.05,3.6,3.5,2.0,3.7,3.5,2.17,3.6,3.52,2.21,3.75,3.88,2.1,3.62,3.52
22/01/2022,17:30,Southampton,Man City,1,1,D,1,0,H,7,20,3,5,2,11,13,5,3,0,0,0,10.0,6.5,1.25,9.5,6.25,1.28,11.0,5.5,1.27,10.23,6.18,1.27,11.5,6.5,1.31,10.18,6.08,1.28,11.0,6.0,1.25,10.5,6.0,1.27,12.25,6.06,1.3,12.25,6.82,1.33,10.89,5.92,1.29
23/01/2022,14:00,Arsenal,Burnley,0,0,D,0,0,D,20,10,5,1,12,4,9,13,0,2,0,0,1.36,4.75,9.0,1.37,4.75,9.0,1.35,4.5,10.0,1.36,5.22,9.18,1.42,5.3,11.25,1.36,4.97,9.11,1.28,5.25,11.0,1.32,5.0,10.0,1.32,5.57,11.9,1.34,5.93,12.3,1.3,5.46,11.04
23/01/2022,14:00,Crystal Palace,Liverpool,1,3,A,0,2,A,8,15,5,7,2,5,12,10,4,1,0,0,6.0,4.2,1.53,6.0,4.1,1.55,5.8,4.0,1.57,5.75,4.14,1.61,6.5,4.4,1.63,5.73,4.21,1.58,5.75,4.2,1.55,6.0,4.1,1.55,6.26,4.27,1.58,6.5,4.54,1.72,5.98,4.18,1.58
23/01/2022,14:00,Leicester,Brighton,1,1,D,0,0,D,15,14,5,5,4,5,6,8,0,1,0,0,2.5,3.25,2.9,2.5,3.4,2.75,2.5,3.25,2.8,2.66,3.36,2.78,2.68,3.55,2.9,2.55,3.37,2.8,2.5,3.4,2.8,2.55,3.3,2.7,2.71,3.39,2.79,2.74,3.6,3.08,2.6,3.43,2.76
23/01/2022,16:30,Chelsea,Tottenham,2,0,H,0,0,D,15,6,7,3,10,3,17,14,2,1,0,0,1.61,4.2,5.0,1.7,3.9,4.75,1.67,3.8,5.0,1.7,4.17,4.82,1.75,4.3,5.26,1.69,3.99,4.96,1.7,3.75,5.0,1.71,3.8,4.75,1.74,3.89,5.2,1.79,3.95,5.35,1.74,3.78,5.02
05/02/2022,18:00,Burnley,Watford,0,0,D,0,0,D,13,11,2,5,4,7,16,9,1,2,0,0,2.2,3.25,3.5,2.15,3.3,3.4,2.2,3.2,3.4,2.19,3.27,3.69,2.27,3.35,3.71,2.21,3.27,3.51,2.15,3.25,3.6,2.15,3.2,3.5,2.22,3.32,3.69,2.33,3.36,3.78,2.19,3.27,3.6
08/02/2022,19:45,Newcastle,Everton,3,1,H,1,1,D,20,11,9,3,6,2,13,13,2,3,0,0,2.5,3.25,2.87,2.4,3.4,2.85,2.5,3.3,2.8,2.57,3.42,2.94,2.66,3.54,3.0,2.52,3.38,2.88,2.5,3.3,2.8,2.4,3.3,2.87,2.59,3.44,2.87,2.62,3.65,3.1,2.53,3.34,2.92
08/02/2022,19:45,West Ham,Watford,1,0,H,0,0,D,9,6,3,1,5,6,1,6,1,0,0,0,1.55,4.2,5.75,1.57,4.0,5.75,1.47,4.4,6.5,1.54,4.42,6.7,1.63,4.5,7.14,1.55,4.3,6.28,1.53,4.2,6.0,1.57,4.0,5.75,1.55,4.32,7.03,1.61,4.63,7.03,1.54,4.27,6.5
08/02/2022,20:00,Burnley,Man United,1,1,D,0,1,A,9,22,3,5,2,10,11,10,2,1,0,0,5.5,4.0,1.61,5.75,4.0,1.58,5.8,3.9,1.6,6.09,4.13,1.62,6.25,4.24,1.73,5.82,4.07,1.61,6.0,4.2,1.55,5.75,4.0,1.58,6.65,4.25,1.56,6.8,4.45,1.67,6.21,4.22,1.56
09/02/2022,19:45,Man City,Brentford,2,0,H,1,0,H,15,6,7,2,9,3,7,13,0,0,0,0,1.1,9.5,23.0,1.11,10.0,23.0,1.1,9.0,23.0,1.12,10.16,25.77,1.14,10.5,27.6,1.11,9.98,23.47,1.07,11.0,26.0,1.11,10.0,23.0,1.1,11.25,31.0,1.13,12.5,47.0,1.09,11.02,30.43
09/02/2022,19:45,Norwich,Crystal Palace,1,1,D,1,0,H,5,13,1,5,4,6,11,15,1,2,0,0,3.5,3.25,2.15,3.4,3.25,2.2,3.4,3.3,2.15,3.66,3.38,2.21,3.66,3.54,2.25,3.5,3.36,2.18,3.6,3.3,2.15,3.3,3.2,2.25,3.53,3.27,2.31,3.92,3.42,2.34,3.55,3.27,2.22
09/02/2022,19:45,Tottenham,Southampton,2,3,A,1,1,D,8,23,3,10,2,8,7,13,2,3,0,0,1.6,4.0,5.5,1.58,4.1,5.5,1.57,4.0,5.8,1.61,4.19,6.03,1.65,4.35,6.03,1.61,4.13,5.57,1.61,4.0,5.25,1.55,4.1,5.75,1.57,4.27,6.41,1.67,4.35,6.5,1.59,4.19,5.84
09/02/2022,20:00,Aston Villa,Leeds,3,3,D,3,2,H,12,16,4,8,6,11,11,9,1,3,1,0,1.8,3.8,4.2,1.8,4.0,3.9,1.78,3.8,4.2,1.83,4.0,4.4,1.85,4.12,4.53,1.8,3.96,4.26,1.95,3.8,3.6,1.83,3.7,4.1,1.98,3.71,3.96,2.05,4.05,4.31,1.94,3.79,3.9
10/02/2022,19:45,Liverpool,Leicester,2,0,H,1,0,H,22,5,11,1,7,6,11,7,1,0,0,0,1.25,6.5,10.0,1.27,6.25,9.5,1.24,6.0,11.0,1.26,6.84,11.21,1.29,7.3,12.75,1.26,6.56,10.5,1.18,7.0,13.0,1.23,6.75,11.5,1.2,8.0,14.0,1.27,8.2,15.0,1.21,7.35,12.97
10/02/2022,19:45,Wolves,Arsenal,0,1,A,0,1,A,15,12,4,2,7,4,12,13,2,3,0,1,3.5,3.2,2.2,3.6,3.2,2.15,3.4,3.2,2.2,3.72,3.28,2.23,3.75,3.42,2.28,3.57,3.25,2.2,4.0,3.2,2.05,3.6,3.1,2.15,4.16,3.35,2.05,4.16,3.45,2.41,3.69,3.18,2.22
12/02/2022,12:30,Man United,Southampton,1,1,D,1,0,H,12,13,8,4,1,4,12,13,4,0,0,0,1.6,4.0,5.5,1.55,4.33,5.5,1.6,4.2,5.25,1.63,4.32,5.53,1.67,4.45,5.75,1.61,4.22,5.43,1.53,4.33,5.75,1.57,4.5,5.0,1.54,4.61,6.26,1.65,4.8,6.5,1.56,4.51,5.76
12/02/2022,15:00,Brentford,Crystal Palace,0,0,D,0,0,D,9,6,2,3,3,9,10,10,1,0,0,0,2.55,3.1,3.0,2.65,3.1,2.75,2.62,3.0,2.9,2.77,3.08,2.98,2.78,3.2,3.05,2.66,3.09,2.92,3.0,3.1,2.5,2.85,3.1,2.6,3.14,3.28,2.49,3.29,3.28,3.0,2.93,3.08,2.69
12/02/2022,15:00,Everton,Leeds,3,0,H,2,0,H,21,7,10,0,5,3,8,9,1,1,0,0,2.25,3.5,3.0,2.2,3.7,3.0,2.3,3.6,2.88,2.37,3.58,3.12,2.4,3.87,3.17,2.32,3.64,2.99,2.55,3.6,2.6,2.55,3.5,2.65,2.66,3.65,2.67,2.7,4.01,3.0,2.52,3.55,2.79
12/02/2022,15:00,Watford,Brighton,0,2,A,0,1,A,9,11,1,6,4,5,16,9,3,2,0,0,3.5,3.3,2.05,3.5,3.3,2.1,3.6,3.25,2.1,3.85,3.38,2.14,3.86,3.44,2.2,3.7,3.27,2.14,4.0,3.4,1.95,3.8,3.25,2.05,4.25,3.45,2.0,4.29,3.52,2.27,3.82,3.3,2.11
12/02/2022,17:30,Norwich,Man City,0,4,A,0,1,A,8,22,3,9,4,12,7,8,0,2,0,0,15.0,8.0,1.16,18.0,7.25,1.17,15.0,8.0,1.15,18.96,7.94,1.18,21.0,8.5,1.2,18.09,7.86,1.17,15.0,7.5,1.18,15.0,7.0,1.19,18.5,7.75,1.18,21.0,9.0,1.22,16.51,7.29,1.19
13/02/2022,14:00,Burnley,Liverpool,0,1,A,0,1,A,8,12,5,4,5,8,7,6,0,1,0,0,10.0,5.25,1.28,9.75,5.5,1.3,11.0,5.25,1.29,10.82,6.03,1.29,12.5,6.2,1.32,10.72,5.75,1.29,12.0,6.5,1.2,10.5,6.25,1.26,13.5,7.2,1.22,15.0,7.3,1.27,12.85,6.77,1.23
13/02/2022,14:00,Newcastle,Aston Villa,1,0,H,1,0,H,10,11,2,1,3,6,22,15,3,4,0,0,2.7,3.3,2.62,2.75,3.4,2.5,2.7,3.5,2.5,2.78,3.48,2.67,2.8,3.68,2.7,2.72,3.44,2.6,2.75,3.3,2.55,2.75,3.4,2.5,2.83,3.4,2.67,2.85,3.52,2.7,2.78,3.39,2.6
13/02/2022,14:00,Tottenham,Wolves,0,2,A,0,2,A,17,11,7,7,7,3,13,13,3,1,0,0,1.7,3.6,5.5,1.65,3.75,5.5,1.65,3.7,5.5,1.69,3.82,5.86,1.73,3.94,6.0,1.68,3.76,5.57,1.66,3.75,5.5,1.71,3.7,5.0,1.69,3.78,5.9,1.77,3.9,5.9,1.7,3.72,5.57
13/02/2022,16:30,Leicester,West Ham,2,2,D,1,1,D,13,8,2,3,5,4,10,9,1,2,0,0,2.9,3.5,2.3,2.7,3.6,2.4,2.75,3.6,2.38,3.05,3.62,2.39,3.05,3.8,2.54,2.88,3.58,2.4,2.9,3.4,2.4,2.8,3.4,2.45,3.02,3.62,2.39,3.05,3.66,2.6,2.88,3.5,2.47
15/02/2022,20:15,Man United,Brighton,2,0,H,0,0,D,19,10,7,3,10,2,8,10,3,1,0,1,1.72,3.75,4.75,1.72,3.7,4.8,1.72,3.7,4.75,1.81,3.78,4.87,1.85,3.9,5.0,1.78,3.78,4.74,1.75,3.6,4.75,1.8,3.5,4.5,1.83,3.59,5.0,1.97,3.89,5.1,1.84,3.61,4.61
19/02/2022,12:30,West Ham,Newcastle,1,1,D,1,1,D,11,14,3,3,3,7,3,7,3,3,0,0,1.7,4.0,4.75,1.7,3.75,5.0,1.67,3.75,5.0,1.72,3.88,5.4,1.76,4.1,5.45,1.7,3.91,5.11,1.61,4.0,5.5,1.6,3.9,5.75,1.62,4.21,5.8,1.71,4.41,5.87,1.65,4.03,5.39
19/02/2022,15:00,Arsenal,Brentford,2,1,H,0,0,D,24,6,8,2,14,0,10,5,1,1,0,0,1.44,4.2,8.0,1.46,4.5,7.0,1.44,4.2,7.5,1.47,4.46,8.32,1.5,4.6,8.5,1.46,4.46,7.68,1.5,3.75,8.0,1.53,3.9,6.75,1.52,4.12,7.83,1.61,4.4,8.0,1.54,3.96,7.27
19/02/2022,15:00,Aston Villa,Watford,0,1,A,0,0,D,20,8,1,4,10,5,12,7,1,2,0,0,1.65,3.6,5.75,1.63,3.9,5.25,1.6,3.9,5.5,1.68,3.95,5.62,1.7,4.14,5.75,1.67,3.93,5.41,1.6,3.8,6.0,1.63,4.0,5.0,1.61,4.04,6.2,1.7,4.1,6.35,1.65,3.95,5.57
19/02/2022,15:00,Brighton,Burnley,0,3,A,0,2,A,11,10,1,4,4,4,12,12,1,4,0,0,1.66,3.5,6.0,1.65,3.7,5.5,1.65,3.6,5.8,1.67,3.78,6.18,1.71,3.88,6.2,1.67,3.74,5.75,1.65,3.6,6.0,1.62,3.8,5.5,1.68,3.53,6.76,1.69,3.97,7.1,1.63,3.8,6.21
19/02/2022,15:00,Crystal Palace,Chelsea,0,1,A,0,0,D,7,9,0,3,4,4,4,20,1,3,0,0,5.5,3.8,1.65,5.5,3.8,1.63,5.5,3.75,1.63,5.86,3.99,1.66,5.95,4.1,1.7,5.59,3.9,1.65,5.5,3.75,1.65,5.25,3.7,1.66,6.49,3.91,1.62,6.49,3.91,1.78,5.62,3.73,1.69
19/02/2022,15:00,Liverpool,Norwich,3,1,H,0,0,D,29,6,8,1,9,4,7,8,0,1,0,0,1.1,9.0,23.0,1.13,9.0,23.0,1.1,9.0,23.0,1.13,9.98,26.49,1.14,11.0,32.0,1.12,9.63,24.83,1.12,9.5,17.0,1.11,9.5,26.0,1.13,9.55,25.79,1.15,10.1,26.0,1.13,9.38,22.62
19/02/2022,15:00,Southampton,Everton,2,0,H,0,0,D,19,9,11,0,4,4,6,9,0,2,0,0,2.1,3.5,3.5,2.05,3.3,3.7,2.05,3.4,3.6,2.1,3.61,3.71,2.15,3.65,3.72,2.08,3.56,3.58,2.0,3.6,3.6,2.1,3.4,3.4,1.99,3.67,3.97,2.17,3.93,3.97,2.08,3.55,3.64
19/02/2022,17:30,Man City,Tottenham,2,3,A,1,1,D,21,6,4,5,10,0,5,7,0,3,0,0,1.28,6.0,10.0,1.26,5.75,12.0,1.27,5.5,11.0,1.29,6.05,11.91,1.32,6.35,12.25,1.29,5.87,10.84,1.28,5.75,10.0,1.28,5.5,11.0,1.28,6.26,11.17,1.38,6.8,13.5,1.28,6.12,11.03
20/02/2022,14:00,Leeds,Man United,2,4,A,0,2,A,16,15,6,9,3,3,13,19,6,3,0,0,3.9,3.8,1.85,3.9,3.8,1.87,3.9,3.75,1.85,4.12,3.84,1.93,4.2,4.1,1.95,3.91,3.86,1.9,4.75,4.2,1.66,4.4,4.0,1.71,5.02,4.27,1.68,5.32,4.45,1.8,4.77,4.17,1.7
20/02/2022,16:30,Wolves,Leicester,2,1,H,1,1,D,11,17,3,7,7,10,12,9,4,4,0,0,2.25,3.3,3.25,2.3,3.1,3.4,2.25,3.25,3.3,2.34,3.24,3.5,2.36,3.48,3.51,2.29,3.28,3.33,2.2,3.2,3.6,2.2,3.2,3.3,2.19,3.27,3.81,2.35,3.52,3.85,2.22,3.23,3.63
23/02/2022,19:30,Burnley,Tottenham,1,0,H,0,0,D,15,12,4,2,3,7,8,8,0,0,0,0,4.6,3.8,1.75,4.5,3.7,1.77,4.5,3.6,1.78,4.94,3.78,1.79,5.0,3.83,1.85,4.72,3.73,1.79,4.5,3.6,1.83,4.5,3.7,1.77,4.71,3.56,1.88,4.9,3.78,2.05,4.65,3.61,1.84
23/02/2022,19:30,Watford,Crystal Palace,1,4,A,1,2,A,8,7,1,5,6,4,12,9,2,1,0,0,3.1,3.3,2.3,3.3,3.25,2.25,3.2,3.1,2.35,3.24,3.24,2.47,3.33,3.45,2.48,3.2,3.24,2.4,2.87,3.1,2.6,2.9,3.1,2.55,3.03,3.17,2.66,3.05,3.2,2.74,2.97,3.12,2.64
23/02/2022,19:45,Liverpool,Leeds,6,0,H,3,0,H,23,3,15,2,4,0,5,11,0,3,0,0,1.16,8.0,15.0,1.16,8.75,14.5,1.15,8.0,15.0,1.16,8.87,17.91,1.18,9.3,19.5,1.16,8.73,16.66,1.18,7.5,13.0,1.18,7.75,14.0,1.18,8.5,16.0,1.22,8.89,17.0,1.18,8.24,15.04
24/02/2022,19:45,Arsenal,Wolves,2,1,H,0,1,A,26,6,5,2,5,4,8,9,1,1,0,0,1.65,3.8,5.5,1.62,3.75,5.75,1.63,3.6,5.8,1.65,3.9,6.08,1.7,4.0,6.25,1.65,3.8,5.83,1.61,3.6,5.75,1.63,3.7,5.75,1.68,3.76,6.16,1.74,3.84,6.3,1.67,3.72,5.88
25/02/2022,20:00,Southampton,Norwich,2,0,H,1,0,H,27,8,9,1,13,6,12,9,1,2,0,0,1.53,4.33,6.0,1.52,4.4,5.75,1.52,4.2,6.0,1.56,4.35,6.55,1.63,4.54,6.6,1.54,4.37,6.22,1.45,4.5,7.0,1.5,4.5,6.0,1.51,4.45,6.93,1.61,5.05,7.0,1.51,4.48,6.63
26/02/2022,12:30,Leeds,Tottenham,0,4,A,0,3,A,19,15,3,11,3,6,16,11,4,2,0,0,4.2,3.6,1.85,4.0,3.8,1.83,3.8,3.75,1.88,4.14,4.03,1.87,4.25,4.15,1.94,4.03,3.96,1.86,3.75,3.6,1.95,3.6,3.7,1.95,3.79,3.87,2.0,4.18,4.0,2.06,3.73,3.81,1.97
26/02/2022,15:00,Brentford,Newcastle,0,2,A,0,2,A,6,26,1,11,6,6,9,7,3,1,1,0,2.5,3.2,3.0,2.45,3.2,2.9,2.5,3.1,3.0,2.55,3.2,3.15,2.6,3.35,3.16,2.52,3.17,3.04,2.25,3.1,3.5,2.35,3.1,3.2,2.32,3.17,3.6,2.57,3.2,3.6,2.38,3.11,3.38
26/02/2022,15:00,Crystal Palace,Burnley,1,1,D,1,0,H,11,5,4,1,5,4,5,17,0,2,0,0,1.9,3.6,4.0,1.9,3.4,4.2,1.95,3.3,4.2,2.0,3.44,4.29,2.02,3.6,4.34,1.97,3.42,4.19,1.9,3.3,4.5,1.87,3.3,4.5,1.92,3.34,4.9,2.0,3.43,5.2,1.91,3.33,4.68
26/02/2022,15:00,Man United,Watford,0,0,D,0,0,D,22,10,3,2,4,3,2,7,0,0,0,0,1.3,5.5,9.5,1.34,5.5,8.25,1.32,5.0,9.5,1.36,5.67,8.94,1.38,5.8,10.19,1.34,5.44,9.04,1.36,5.0,7.5,1.37,4.6,9.0,1.39,4.98,9.14,1.42,5.29,9.5,1.38,5.0,8.66
26/02/2022,15:30,Brighton,Aston Villa,0,2,A,0,1,A,12,9,1,4,7,2,17,11,4,5,0,0,2.2,3.3,3.5,2.2,3.3,3.3,2.25,3.1,3.4,2.24,3.42,3.52,2.35,3.42,3.52,2.27,3.28,3.41,2.15,3.4,3.4,2.2,3.3,3.3,2.26,3.29,3.64,2.31,3.4,3.7,2.23,3.26,3.53
26/02/2022,17:30,Everton,Man City,0,1,A,0,0,D,6,13,2,8,3,4,7,14,3,2,0,0,10.0,5.75,1.28,9.5,5.5,1.31,11.0,5.8,1.25,10.59,6.17,1.29,12.5,6.5,1.32,10.95,6.04,1.28,12.0,6.0,1.25,12.0,6.0,1.25,12.5,6.75,1.25,15.5,7.0,1.45,12.54,6.34,1.25
27/02/2022,14:00,West Ham,Wolves,1,0,H,0,0,D,13,14,4,1,3,5,8,2,1,0,0,0,2.05,3.3,3.8,2.05,3.2,3.8,2.05,3.1,4.0,2.15,3.23,4.03,2.2,3.35,4.28,2.11,3.24,3.89,1.95,3.3,4.33,1.85,3.4,4.4,1.94,3.41,4.64,2.03,3.44,4.73,1.94,3.35,4.51
01/03/2022,19:45,Burnley,Leicester,0,2,A,0,0,D,9,22,2,6,6,8,10,13,1,1,0,0,2.9,3.4,2.4,2.8,3.4,2.45,2.88,3.2,2.5,2.98,3.39,2.55,3.05,3.41,2.6,2.94,3.34,2.52,2.9,3.25,2.5,2.85,3.3,2.45,2.95,3.31,2.63,3.18,3.4,2.65,2.91,3.29,2.56
05/03/2022,12:30,Leicester,Leeds,1,0,H,0,0,D,7,19,4,4,5,10,9,12,1,2,0,0,1.75,4.0,4.2,1.82,3.9,4.0,1.78,3.9,4.2,1.82,4.23,4.21,1.86,4.25,4.47,1.8,4.12,4.14,2.05,3.6,3.6,2.0,3.7,3.4,2.14,3.69,3.51,2.14,3.9,3.92,2.04,3.79,3.54
05/03/2022,15:00,Aston Villa,Southampton,4,0,H,2,0,H,14,11,9,1,4,7,10,8,1,1,0,0,2.3,3.5,3.0,2.3,3.5,2.95,2.3,3.4,3.0,2.42,3.49,3.1,2.45,3.7,3.15,2.36,3.48,3.04,2.15,3.6,3.1,2.2,3.5,3.2,2.27,3.62,3.32,2.32,3.72,3.48,2.25,3.54,3.23
05/03/2022,15:00,Burnley,Chelsea,0,4,A,0,0,D,6,11,1,5,5,2,12,7,2,0,0,0,6.5,4.33,1.5,7.5,4.1,1.47,7.5,4.0,1.47,7.69,4.19,1.52,8.0,4.34,1.54,7.44,4.15,1.5,7.0,3.8,1.5,7.5,3.9,1.5,7.4,4.06,1.55,8.09,4.3,1.59,7.39,4.08,1.52
05/03/2022,15:00,Newcastle,Brighton,2,1,H,2,0,H,10,15,4,4,4,7,8,10,1,1,0,0,2.75,3.2,2.62,2.65,3.25,2.65,2.62,3.2,2.7,2.82,3.23,2.8,2.88,3.36,2.82,2.77,3.19,2.74,2.7,3.2,2.7,2.6,3.1,2.87,2.8,3.17,2.86,2.8,3.29,3.02,2.66,3.11,2.92
05/03/2022,15:00,Norwich,Brentford,1,3,A,0,1,A,15,10,7,6,5,5,13,18,2,5,0,0,2.9,3.1,2.5,2.9,3.1,2.55,2.88,3.1,2.55,3.04,3.19,2.64,3.04,3.34,2.68,2.95,3.15,2.6,3.1,3.1,2.4,3.0,3.1,2.45,3.22,3.25,2.48,3.43,3.26,2.55,3.12,3.18,2.47
05/03/2022,15:00,Wolves,Crystal Palace,0,2,A,0,2,A,12,12,5,8,7,7,13,8,0,3,0,0,2.3,3.1,3.4,2.3,3.1,3.3,2.3,3.1,3.3,2.43,3.08,3.5,2.48,3.26,3.52,2.37,3.1,3.4,2.3,3.1,3.4,2.37,2.95,3.3,2.4,3.09,3.55,2.48,3.16,3.77,2.38,3.03,3.47
05/03/2022,17:30,Liverpool,West Ham,1,0,H,1,0,H,22,13,5,5,4,6,7,7,2,1,0,0,1.28,5.75,9.5,1.29,5.75,9.5,1.29,5.5,9.5,1.3,5.99,10.58,1.33,6.35,11.0,1.3,5.86,9.95,1.22,7.0,12.0,1.24,6.75,10.5,1.27,6.5,11.5,1.42,7.62,13.0,1.26,6.67,11.24
06/03/2022,14:00,Watford,Arsenal,2,3,A,1,2,A,13,16,7,4,1,5,5,11,1,2,0,0,6.0,4.0,1.57,6.0,3.9,1.58,6.0,3.9,1.57,6.29,4.03,1.62,6.6,4.18,1.65,6.14,4.02,1.59,6.5,4.2,1.5,6.25,4.2,1.51,6.84,4.31,1.55,7.17,4.41,1.59,6.65,4.26,1.54
06/03/2022,16:30,Man City,Man United,4,1,H,2,1,H,24,5,10,2,9,3,10,14,0,1,0,0,1.4,4.75,7.5,1.37,4.8,8.5,1.38,4.75,8.0,1.43,4.9,8.34,1.45,5.3,8.6,1.41,4.91,7.86,1.4,4.5,7.0,1.37,5.0,7.75,1.43,5.06,7.66,1.57,5.45,9.4,1.42,5.03,7.75
07/03/2022,20:00,Tottenham,Everton,5,0,H,3,0,H,14,6,7,0,5,2,15,10,2,0,0,0,1.57,3.8,5.75,1.61,3.9,5.5,1.6,4.0,5.5,1.61,4.27,5.97,1.66,4.4,6.0,1.61,4.13,5.61,1.7,3.8,4.75,1.65,3.9,5.25,1.77,3.83,5.05,1.85,4.12,5.4,1.73,3.92,4.96
10/03/2022,19:30,Norwich,Chelsea,1,3,A,0,2,A,9,15,3,7,3,8,8,15,0,2,0,0,11.0,4.75,1.3,12.0,5.5,1.27,11.0,5.25,1.29,14.15,5.78,1.28,14.15,5.85,1.32,11.9,5.59,1.29,8.5,4.75,1.36,9.5,4.8,1.35,10.58,4.98,1.36,11.0,5.15,1.42,9.67,4.94,1.36
10/03/2022,19:30,Southampton,Newcastle,1,2,A,1,1,D,14,8,5,4,12,5,6,7,1,1,0,0,2.0,3.75,3.5,1.98,3.7,3.5,2.0,3.6,3.6,1.99,3.78,3.89,2.05,3.82,4.05,2.0,3.7,3.71,1.9,3.6,4.0,1.87,3.5,4.2,1.92,3.64,4.41,2.08,3.69,4.41,1.96,3.55,4.07
10/03/2022,19:30,Wolves,Watford,4,0,H,3,0,H,10,9,5,0,5,2,11,10,2,2,0,0,1.75,3.6,4.5,1.8,3.4,4.75,1.83,3.4,4.6,1.84,3.56,5.02,1.88,3.62,5.1,1.82,3.5,4.84,1.9,3.4,4.2,1.9,3.4,4.2,1.97,3.44,4.44,2.0,3.52,4.67,1.93,3.43,4.38
10/03/2022,19:45,Leeds,Aston Villa,0,3,A,0,1,A,4,15,1,9,3,5,17,11,5,3,0,0,2.7,3.5,2.5,2.7,3.6,2.45,2.75,3.5,2.45,2.75,3.64,2.61,2.86,3.7,2.64,2.72,3.59,2.54,2.8,3.5,2.4,2.7,3.5,2.45,2.86,3.63,2.51,3.13,3.65,2.56,2.85,3.58,2.46
12/03/2022,12:30,Brighton,Liverpool,0,2,A,0,1,A,8,18,3,9,7,6,12,15,3,1,0,0,6.0,4.33,1.5,5.75,4.5,1.51,6.0,4.2,1.52,6.65,4.44,1.54,6.65,4.73,1.58,6.2,4.47,1.53,7.0,4.5,1.45,6.5,4.6,1.46,6.88,4.63,1.51,7.2,4.81,1.53,6.8,4.64,1.48
12/03/2022,15:00,Brentford,Burnley,2,0,H,0,0,D,13,7,4,1,2,9,6,10,1,1,0,1,2.15,3.2,3.6,2.25,2.95,3.7,2.15,3.2,3.5,2.25,3.2,3.78,2.3,3.4,3.8,2.2,3.23,3.65,2.05,3.25,3.8,2.1,3.25,3.6,2.14,3.37,3.88,2.19,3.44,4.02,2.11,3.3,3.82
12/03/2022,17:30,Man United,Tottenham,3,2,H,2,1,H,10,10,6,3,4,5,8,7,2,1,0,0,2.2,3.4,3.25,2.1,3.6,3.2,2.15,3.4,3.3,2.22,3.66,3.35,2.24,3.68,3.52,2.18,3.56,3.33,2.25,3.5,3.1,2.3,3.5,2.95,2.39,3.54,3.12,2.5,3.84,3.2,2.33,3.51,3.09
13/03/2022,14:00,Chelsea,Newcastle,1,0,H,0,0,D,8,7,3,2,7,2,17,16,4,3,0,0,1.3,5.25,11.0,1.3,5.25,10.5,1.32,5.0,10.0,1.34,5.17,10.18,1.36,5.65,11.2,1.33,5.3,10.16,1.4,4.75,7.5,1.38,4.8,8.5,1.41,4.94,8.76,1.45,5.0,9.19,1.41,4.83,8.35
13/03/2022,14:00,Everton,Wolves,0,1,A,0,0,D,8,14,2,3,5,2,13,11,2,1,1,0,2.3,3.2,3.3,2.3,3.2,3.25,2.25,3.2,3.3,2.37,3.2,3.48,2.38,3.38,3.5,2.31,3.24,3.35,2.25,3.0,3.6,2.2,3.1,3.5,2.33,3.1,3.69,2.36,3.3,3.84,2.29,3.12,3.57
13/03/2022,14:00,Leeds,Norwich,2,1,H,1,0,H,13,12,7,4,6,2,18,8,3,1,0,0,1.55,4.2,5.75,1.55,4.33,5.5,1.57,4.2,5.5,1.65,4.12,5.7,1.67,4.5,6.0,1.6,4.31,5.51,1.65,4.0,5.0,1.58,4.0,5.75,1.62,4.38,5.62,1.66,4.38,5.75,1.63,4.21,5.43
13/03/2022,14:00,Southampton,Watford,1,2,A,1,2,A,13,9,7,5,11,3,8,12,3,2,0,0,1.6,4.2,5.25,1.57,4.1,5.75,1.6,3.9,5.5,1.61,4.33,5.82,1.66,4.33,6.0,1.61,4.17,5.59,1.66,4.2,4.75,1.57,4.2,5.5,1.68,4.05,5.48,1.72,4.27,5.6,1.66,4.08,5.29
13/03/2022,14:00,West Ham,Aston Villa,2,1,H,0,0,D,11,13,4,7,5,7,9,3,1,0,0,0,2.25,3.3,3.3,2.3,3.25,3.1,2.3,3.2,3.2,2.41,3.3,3.28,2.45,3.45,3.55,2.33,3.31,3.24,2.4,3.3,2.9,2.45,3.2,2.95,2.58,3.31,3.01,2.62,3.41,3.22,2.53,3.28,2.96
13/03/2022,16:30,Arsenal,Leicester,2,0,H,1,0,H,21,6,8,3,2,6,8,10,0,3,0,0,1.5,4.5,6.0,1.49,4.6,6.0,1.5,4.33,6.0,1.54,4.62,6.22,1.58,4.74,6.5,1.53,4.55,6.0,1.4,4.75,7.0,1.44,4.75,6.5,1.45,4.78,7.92,1.51,5.15,8.1,1.43,4.9,7.49
14/03/2022,20:00,Crystal Palace,Man City,0,0,D,0,0,D,7,18,1,4,2,6,6,11,3,1,0,0,10.0,5.0,1.33,9.5,5.5,1.31,10.0,5.25,1.3,9.58,5.7,1.34,11.25,5.8,1.36,9.82,5.5,1.32,9.0,5.25,1.33,9.25,5.25,1.33,9.88,5.58,1.34,11.85,5.65,1.43,9.89,5.42,1.33
16/03/2022,19:30,Brighton,Tottenham,0,2,A,0,1,A,15,17,0,7,6,3,11,9,2,2,0,0,3.3,3.3,2.25,3.25,3.3,2.25,3.2,3.25,2.3,3.38,3.37,2.33,3.38,3.48,2.38,3.28,3.34,2.3,3.5,3.4,2.1,3.5,3.4,2.1,3.79,3.49,2.12,3.86,3.51,2.2,3.67,3.4,2.13
16/03/2022,20:15,Arsenal,Liverpool,0,2,A,0,0,D,9,9,2,3,1,6,9,9,0,1,0,0,3.5,4.0,1.9,3.4,4.0,1.93,3.75,3.8,1.88,3.78,4.12,1.93,4.0,4.25,1.98,3.78,3.98,1.92,3.5,3.75,2.0,3.5,3.75,1.95,3.75,3.6,2.09,3.88,3.83,2.23,3.6,3.64,2.07
17/03/2022,19:45,Everton,Newcastle,1,0,H,0,0,D,9,17,3,6,5,7,13,11,2,1,1,0,2.4,3.25,3.1,2.3,3.4,3.1,2.3,3.4,3.0,2.4,3.38,3.22,2.43,3.58,3.23,2.37,3.38,3.11,2.4,3.25,3.1,2.5,3.0,3.0,2.41,3.31,3.28,2.56,3.31,3.3,2.43,3.21,3.19
18/03/2022,20:00,Wolves,Leeds,2,3,A,2,0,H,14,15,8,6,2,5,13,14,1,4,1,0,2.1,3.5,3.4,2.1,3.5,3.4,2.1,3.4,3.4,2.17,3.53,3.6,2.25,3.66,3.75,2.14,3.49,3.56,2.15,3.5,3.25,2.15,3.4,3.3,2.29,3.38,3.47,2.36,3.6,3.64,2.23,3.36,3.44
19/03/2022,12:30,Aston Villa,Arsenal,0,1,A,0,1,A,8,10,1,3,6,5,13,14,3,3,0,0,3.0,3.3,2.4,2.9,3.5,2.35,2.9,3.5,2.35,3.06,3.48,2.45,3.1,3.6,2.52,2.99,3.47,2.41,2.8,3.4,2.45,2.95,3.4,2.35,2.96,3.42,2.55,3.14,3.6,2.55,2.98,3.39,2.46
20/03/2022,14:00,Leicester,Brentford,2,1,H,2,0,H,12,15,4,6,2,5,10,10,1,2,0,0,2.15,3.4,3.4,2.15,3.4,3.4,2.15,3.3,3.4,2.25,3.49,3.43,2.26,3.55,3.59,2.19,3.45,3.41,2.1,3.4,3.6,2.1,3.3,3.5,2.13,3.55,3.68,2.21,3.55,3.76,2.14,3.4,3.59
20/03/2022,16:30,Tottenham,West Ham,3,1,H,2,1,H,17,6,4,1,5,3,7,7,0,1,0,0,1.72,3.8,4.75,1.75,4.0,4.2,1.7,3.8,4.75,1.78,3.89,4.92,1.8,4.15,5.02,1.75,3.94,4.7,1.7,3.75,5.25,1.7,3.7,5.0,1.73,3.86,5.32,1.8,4.13,5.35,1.73,3.82,5.12
02/04/2022,12:30,Liverpool,Watford,2,0,H,1,0,H,20,5,3,2,9,3,9,8,1,1,0,0,1.12,9.5,17.0,1.12,9.5,23.0,1.12,8.0,23.0,1.13,9.86,23.62,1.16,10.0,26.0,1.13,9.36,21.82,1.14,8.5,15.0,1.16,7.5,21.0,1.17,8.5,18.0,1.18,9.39,21.83,1.16,8.32,17.96
02/04/2022,15:00,Brighton,Norwich,0,0,D,0,0,D,31,6,4,0,11,2,12,11,1,1,0,0,1.5,4.0,7.0,1.49,4.0,7.25,1.47,4.0,7.5,1.53,4.08,7.94,1.54,4.47,8.3,1.5,4.12,7.51,1.5,4.2,7.0,1.49,4.0,7.25,1.52,4.33,7.16,1.55,4.5,8.21,1.49,4.26,7.44
02/04/2022,15:00,Burnley,Man City,0,2,A,0,2,A,3,18,1,6,1,8,11,6,1,0,0,0,15.0,6.5,1.2,13.0,6.25,1.23,15.0,5.8,1.22,15.0,6.63,1.23,15.0,7.0,1.26,13.75,6.54,1.23,19.0,7.0,1.16,13.0,6.25,1.23,16.5,7.3,1.2,21.0,7.8,1.23,16.6,6.99,1.2
02/04/2022,15:00,Chelsea,Brentford,1,4,A,0,0,D,21,17,8,6,12,7,11,7,0,0,0,0,1.33,5.0,10.0,1.34,5.0,9.75,1.33,4.75,10.0,1.35,5.18,10.7,1.38,5.33,11.0,1.35,4.99,10.04,1.4,4.5,8.5,1.37,4.8,8.75,1.4,4.77,9.59,1.43,5.0,10.0,1.4,4.7,9.11
02/04/2022,15:00,Leeds,Southampton,1,1,D,1,0,H,12,14,3,6,4,7,14,7,1,1,0,0,2.37,3.75,2.75,2.4,3.6,2.7,2.45,3.4,2.8,2.39,3.69,3.01,2.54,3.89,3.02,2.42,3.61,2.86,2.4,3.6,2.8,2.35,3.6,2.8,2.5,3.63,2.86,2.55,3.7,2.96,2.45,3.59,2.83
02/04/2022,15:00,Wolves,Aston Villa,2,1,H,2,0,H,11,15,5,5,4,9,15,8,4,3,0,0,3.0,3.1,2.55,2.9,3.0,2.6,3.0,3.0,2.55,3.11,3.13,2.63,3.13,3.3,2.71,3.01,3.1,2.59,3.0,3.1,2.5,2.9,3.0,2.6,3.16,3.09,2.62,3.16,3.18,2.64,3.07,3.07,2.59
02/04/2022,17:30,Man United,Leicester,1,1,D,0,0,D,11,11,5,3,6,5,13,6,2,2,0,0,1.5,4.5,6.0,1.51,4.6,5.75,1.5,4.33,6.5,1.52,4.71,6.41,1.56,4.8,6.75,1.52,4.6,6.1,1.53,4.33,5.75,1.51,4.6,5.75,1.56,4.76,5.69,1.73,4.76,6.05,1.57,4.43,5.65
03/04/2022,14:00,West Ham,Everton,2,1,H,1,0,H,11,13,5,2,2,4,9,12,1,1,0,1,1.75,3.8,4.5,1.78,3.7,4.4,1.78,3.6,4.5,1.81,3.84,4.77,1.85,3.91,4.9,1.79,3.75,4.6,1.75,3.75,4.75,1.78,3.7,4.4,1.79,3.84,4.87,1.87,3.9,4.9,1.79,3.77,4.68
03/04/2022,16:30,Tottenham,Newcastle,5,1,H,1,1,D,19,8,6,1,2,3,10,7,2,3,0,0,1.5,4.33,6.5,1.51,4.33,6.25,1.5,4.2,6.5,1.53,4.42,6.87,1.56,4.55,7.0,1.52,4.36,6.58,1.53,4.2,6.0,1.53,4.2,6.0,1.56,4.33,6.45,1.74,4.48,6.8,1.56,4.23,6.22
04/04/2022,20:00,Crystal Palace,Arsenal,3,0,H,2,0,H,6,12,5,3,0,2,11,15,0,2,0,0,4.0,3.4,1.95,4.1,3.3,1.93,4.0,3.3,2.0,4.15,3.51,2.01,4.25,3.56,2.06,4.05,3.41,1.99,4.0,3.4,1.95,3.9,3.3,1.98,4.15,3.35,2.07,4.46,3.5,2.22,4.05,3.38,2.02
06/04/2022,19:30,Burnley,Everton,3,2,H,1,2,A,13,16,4,4,9,6,11,16,2,2,0,0,2.62,3.1,2.87,2.5,3.25,2.85,2.5,3.1,3.0,2.54,3.23,3.13,2.75,3.26,3.13,2.57,3.16,2.98,2.45,3.1,3.1,2.45,3.1,3.1,2.59,3.09,3.2,2.7,3.22,3.3,2.55,3.1,3.08
08/04/2022,20:00,Newcastle,Wolves,1,0,H,0,0,D,12,5,4,2,1,2,6,13,1,1,0,0,2.25,3.1,3.4,2.25,3.0,3.4,2.3,3.0,3.4,2.34,3.14,3.62,2.4,3.26,3.69,2.31,3.11,3.51,1.95,3.2,4.33,1.98,3.25,4.0,2.0,3.41,4.47,2.07,3.41,4.6,2.01,3.28,4.23
09/04/2022,12:30,Everton,Man United,1,0,H,1,0,H,7,12,3,4,5,7,4,10,2,2,0,0,4.6,3.75,1.75,4.1,3.9,1.8,4.5,3.6,1.78,4.52,3.89,1.83,4.74,3.95,1.85,4.48,3.84,1.8,4.0,3.75,1.9,3.8,3.75,1.88,4.09,3.88,1.92,4.34,3.95,1.97,4.02,3.8,1.9
09/04/2022,15:00,Arsenal,Brighton,1,2,A,0,1,A,20,8,4,3,11,2,12,19,3,4,0,0,1.61,3.8,5.75,1.6,4.0,5.5,1.63,3.75,5.5,1.67,3.95,5.85,1.7,4.05,6.0,1.65,3.9,5.64,1.57,3.75,6.0,1.68,3.5,5.75,1.64,3.88,6.43,1.71,3.94,6.43,1.65,3.76,6.05
09/04/2022,15:00,Southampton,Chelsea,0,6,A,0,4,A,4,24,1,14,3,3,11,10,1,0,0,0,3.8,3.6,1.95,3.9,3.8,1.83,4.0,3.6,1.88,4.08,3.76,1.95,4.19,3.85,2.0,3.98,3.69,1.93,3.6,3.6,2.0,3.8,3.6,1.93,3.93,3.56,2.05,4.2,3.72,2.1,3.85,3.58,2.0
09/04/2022,15:00,Watford,Leeds,0,3,A,0,1,A,8,10,1,5,3,8,8,12,2,0,0,0,2.7,3.4,2.55,2.65,3.5,2.5,2.62,3.5,2.55,2.75,3.6,2.63,2.77,3.7,2.69,2.69,3.54,2.58,2.8,3.3,2.55,2.65,3.5,2.5,2.91,3.45,2.57,2.91,3.58,2.72,2.8,3.43,2.57
09/04/2022,17:30,Aston Villa,Tottenham,0,4,A,0,1,A,9,11,8,5,9,3,12,14,2,3,0,0,3.2,3.4,2.25,3.1,3.5,2.2,3.1,3.4,2.25,3.23,3.6,2.3,3.3,3.68,2.34,3.15,3.55,2.27,3.3,3.4,2.2,3.1,3.6,2.2,3.47,3.59,2.2,3.5,3.7,2.3,3.35,3.52,2.2
10/04/2022,14:00,Brentford,West Ham,2,0,H,0,0,D,15,5,7,1,4,6,2,6,0,1,0,0,2.62,3.3,2.62,2.7,3.1,2.7,2.7,3.25,2.62,2.72,3.34,2.82,2.86,3.48,2.88,2.69,3.31,2.73,2.62,3.25,2.6,2.6,3.1,2.8,2.77,3.35,2.76,2.85,3.44,2.95,2.7,3.28,2.75
10/04/2022,14:00,Leicester,Crystal Palace,2,1,H,2,0,H,12,11,3,3,3,4,11,12,1,1,0,0,2.37,3.3,2.9,2.4,3.4,2.85,2.38,3.4,2.9,2.46,3.48,3.04,2.5,3.58,3.15,2.41,3.44,2.98,2.4,3.2,3.0,2.5,3.3,2.8,2.53,3.29,3.1,2.64,3.45,3.19,2.52,3.28,2.97
10/04/2022,14:00,Norwich,Burnley,2,0,H,1,0,H,17,18,6,4,6,7,12,10,1,1,0,0,2.87,3.2,2.55,2.9,3.25,2.45,2.88,3.1,2.55,3.1,3.18,2.6,3.15,3.32,2.65,2.97,3.19,2.56,3.0,3.5,2.3,3.1,3.3,2.25,3.23,3.42,2.38,3.25,3.58,2.5,3.13,3.37,2.36
10/04/2022,16:30,Man City,Liverpool,2,2,D,2,1,H,11,6,5,4,4,1,9,11,1,4,0,0,2.0,3.75,3.5,2.0,3.75,3.4,2.0,3.6,3.5,2.1,3.75,3.56,2.14,3.88,3.7,2.06,3.71,3.5,1.95,3.75,3.8,1.93,3.75,3.6,1.98,3.82,3.9,2.11,4.12,3.98,1.99,3.74,3.74
16/04/2022,12:30,Tottenham,Brighton,0,1,A,0,0,D,5,12,0,5,4,4,14,10,3,3,0,0,1.53,4.0,6.5,1.52,4.33,6.0,1.52,4.0,6.5,1.56,4.35,6.52,1.59,4.4,6.9,1.54,4.25,6.35,1.5,4.33,5.75,1.52,4.33,6.0,1.51,4.56,6.92,1.59,4.6,7.1,1.52,4.46,6.48
16/04/2022,15:00,Man United,Norwich,3,2,H,2,1,H,20,15,9,4,6,7,7,6,0,0,0,0,1.25,6.5,10.0,1.22,6.5,13.0,1.24,5.8,12.0,1.23,6.6,14.96,1.28,6.8,15.0,1.24,6.45,12.84,1.28,6.0,10.0,1.27,6.0,10.0,1.29,6.35,9.95,1.31,6.75,12.0,1.28,6.27,10.17
16/04/2022,15:00,Southampton,Arsenal,1,0,H,1,0,H,9,23,3,6,6,8,6,6,2,1,0,0,3.8,3.6,1.95,3.9,3.7,1.88,3.8,3.6,1.91,3.97,3.79,1.97,4.05,3.9,2.02,3.9,3.68,1.95,3.8,3.75,1.9,3.9,3.6,1.9,4.08,3.79,1.94,4.22,3.83,2.01,4.0,3.7,1.93
16/04/2022,15:00,Watford,Brentford,1,2,A,0,1,A,17,16,4,5,6,5,11,9,2,1,0,0,2.7,3.3,2.55,2.8,3.2,2.55,2.8,3.2,2.55,2.95,3.33,2.62,2.95,3.4,2.65,2.86,3.28,2.59,2.87,3.3,2.45,2.87,3.25,2.5,2.94,3.39,2.58,3.23,3.5,2.6,2.98,3.32,2.49
17/04/2022,14:15,Newcastle,Leicester,2,1,H,1,1,D,16,8,7,2,3,5,10,10,2,2,0,0,2.2,3.4,3.3,2.2,3.3,3.3,2.2,3.3,3.3,2.25,3.46,3.46,2.36,3.5,3.46,2.25,3.38,3.32,2.0,3.5,3.6,2.0,3.5,3.7,2.06,3.56,3.9,2.14,3.61,4.0,2.05,3.52,3.76
17/04/2022,14:15,West Ham,Burnley,1,1,D,0,1,A,21,9,8,1,13,4,9,10,2,2,0,0,1.7,3.8,5.0,1.71,3.7,5.0,1.73,3.7,4.8,1.73,3.99,5.11,1.79,4.04,5.46,1.72,3.84,5.02,1.75,3.75,4.5,1.77,3.75,4.4,1.81,3.8,4.84,1.88,3.88,4.98,1.81,3.72,4.64
19/04/2022,20:00,Liverpool,Man United,4,0,H,2,0,H,14,2,5,1,10,2,3,6,1,2,0,0,1.4,5.0,7.0,1.39,5.0,7.0,1.38,5.0,7.5,1.41,5.36,7.82,1.51,5.5,8.0,1.41,5.21,7.44,1.3,5.75,9.0,1.34,5.5,8.0,1.34,5.78,9.17,1.45,6.0,9.6,1.35,5.61,8.56
20/04/2022,19:45,Chelsea,Arsenal,2,4,A,2,2,D,11,14,2,4,6,1,7,6,3,1,0,0,1.83,3.6,4.33,1.83,3.6,4.2,1.83,3.5,4.4,1.88,3.77,4.42,1.92,3.8,4.65,1.87,3.64,4.34,1.9,3.5,4.2,1.83,3.6,4.2,1.96,3.52,4.36,1.99,3.65,4.75,1.92,3.5,4.35
20/04/2022,19:45,Everton,Leicester,1,1,D,0,1,A,13,11,3,3,5,4,8,17,3,1,0,0,2.25,3.4,3.25,2.3,3.25,3.2,2.3,3.4,3.0,2.32,3.52,3.26,2.4,3.62,3.27,2.32,3.45,3.15,2.6,3.3,2.7,2.4,3.3,2.9,2.67,3.31,2.9,2.7,3.4,3.0,2.59,3.3,2.87
20/04/2022,19:45,Newcastle,Crystal Palace,1,0,H,1,0,H,13,10,4,2,2,5,12,12,1,1,0,0,2.25,3.4,3.25,2.3,3.2,3.1,2.3,3.2,3.2,2.4,3.24,3.36,2.44,3.4,3.36,2.34,3.26,3.25,2.2,3.3,3.3,2.25,3.1,3.4,2.32,3.24,3.54,2.38,3.39,3.65,2.3,3.2,3.44
20/04/2022,20:00,Man City,Brighton,3,0,H,0,0,D,17,2,5,1,7,4,12,7,0,3,0,0,1.16,7.0,17.0,1.18,7.0,17.0,1.2,6.0,17.0,1.2,7.09,18.98,1.23,7.3,19.5,1.2,6.85,17.12,1.22,6.5,13.0,1.21,6.5,14.5,1.23,6.5,16.0,1.37,6.95,17.0,1.23,6.48,14.46
21/04/2022,19:45,Burnley,Southampton,2,0,H,2,0,H,16,11,6,3,10,10,7,7,2,2,0,0,2.75,3.25,2.62,2.7,3.3,2.6,2.7,3.4,2.55,2.75,3.48,2.69,2.95,3.56,2.72,2.76,3.41,2.61,2.6,3.3,2.75,2.65,3.4,2.6,2.7,3.35,2.8,2.75,3.59,2.84,2.65,3.34,2.75
23/04/2022,12:30,Arsenal,Man United,3,1,H,2,1,H,14,14,7,5,1,7,9,12,3,4,0,0,2.05,3.5,3.5,2.05,3.6,3.4,2.05,3.5,3.5,2.13,3.64,3.58,2.18,3.75,3.7,2.11,3.58,3.5,2.0,3.6,3.6,2.0,3.6,3.5,2.06,3.68,3.75,2.14,3.8,3.8,2.05,3.65,3.65
23/04/2022,15:00,Leicester,Aston Villa,0,0,D,0,0,D,5,11,2,3,7,6,15,16,3,2,0,0,2.8,3.4,2.5,2.7,3.3,2.55,2.75,3.25,2.55,2.95,3.43,2.55,3.0,3.5,2.68,2.85,3.39,2.54,2.9,3.3,2.45,2.9,3.3,2.45,3.05,3.39,2.5,3.13,3.63,2.58,2.98,3.35,2.47
23/04/2022,15:00,Man City,Watford,5,1,H,3,1,H,21,5,8,2,11,4,9,7,1,0,0,0,1.1,10.0,26.0,1.12,9.75,23.0,1.11,8.5,23.0,1.13,9.68,27.79,1.14,10.5,32.0,1.11,9.78,25.83,1.1,10.0,23.0,1.12,9.75,23.0,1.13,9.5,26.0,1.14,11.0,31.0,1.11,10.03,24.75
23/04/2022,15:00,Norwich,Newcastle,0,3,A,0,2,A,5,13,2,7,2,3,11,10,0,2,0,0,3.5,3.3,2.15,3.5,3.3,2.1,3.7,3.1,2.15,3.62,3.39,2.22,3.76,3.57,2.26,3.55,3.33,2.18,3.3,3.4,2.2,3.4,3.25,2.15,3.54,3.38,2.25,3.73,3.47,2.31,3.47,3.3,2.23
23/04/2022,17:30,Brentford,Tottenham,0,0,D,0,0,D,15,9,2,0,12,8,8,7,2,1,0,0,4.33,3.5,1.85,4.2,3.5,1.87,4.2,3.5,1.85,4.39,3.78,1.88,4.5,3.8,1.94,4.28,3.67,1.87,4.75,3.8,1.7,4.75,3.7,1.73,4.93,3.99,1.75,5.32,4.2,1.8,4.76,3.97,1.73
24/04/2022,14:00,Brighton,Southampton,2,2,D,2,1,H,8,18,5,5,6,6,12,7,1,0,0,0,2.1,3.4,3.6,2.2,3.25,3.4,2.15,3.2,3.6,2.19,3.34,3.76,2.23,3.45,3.78,2.17,3.32,3.59,2.1,3.3,3.75,1.9,3.5,4.0,2.15,3.33,3.91,2.18,3.64,4.1,2.08,3.37,3.83
24/04/2022,14:00,Burnley,Wolves,1,0,H,0,0,D,14,10,5,4,3,6,8,7,3,1,0,0,2.7,3.0,2.87,2.65,3.0,2.85,2.62,3.1,2.8,2.73,3.15,2.95,2.91,3.32,2.95,2.71,3.11,2.86,2.45,3.1,3.1,2.65,3.0,2.85,2.57,3.14,3.17,2.7,3.46,3.17,2.57,3.11,3.06
24/04/2022,14:00,Chelsea,West Ham,1,0,H,0,0,D,26,6,5,2,3,1,11,9,1,0,0,1,1.5,4.33,6.5,1.53,4.2,6.0,1.52,4.2,6.0,1.53,4.53,6.68,1.59,4.6,6.7,1.53,4.37,6.4,1.4,4.75,8.0,1.42,4.8,7.0,1.43,4.72,8.16,1.48,5.26,8.6,1.43,4.79,7.9
24/04/2022,16:30,Liverpool,Everton,2,0,H,0,0,D,18,9,4,1,13,1,8,8,2,5,0,0,1.18,7.0,15.0,1.19,7.25,14.0,1.2,6.5,15.0,1.18,7.75,18.0,1.22,7.9,19.0,1.19,7.35,15.64,1.18,7.0,15.0,1.19,7.25,14.0,1.21,7.06,16.67,1.24,7.9,17.0,1.2,7.29,15.26
25/04/2022,20:00,Crystal Palace,Leeds,0,0,D,0,0,D,17,9,7,2,6,3,12,13,2,2,0,0,2.05,3.5,3.5,2.0,3.6,3.5,2.0,3.5,3.6,2.11,3.69,3.6,2.14,3.7,3.7,2.08,3.59,3.53,2.37,3.5,2.9,2.4,3.4,2.8,2.44,3.49,2.99,2.5,3.57,3.17,2.42,3.44,3.0
28/04/2022,19:45,Man United,Chelsea,1,1,D,0,0,D,6,21,3,6,2,9,9,12,0,1,0,0,3.2,3.4,2.25,3.2,3.75,2.1,3.1,3.5,2.2,3.23,3.68,2.27,3.25,3.76,2.35,3.17,3.57,2.25,3.5,3.6,2.05,3.3,3.6,2.05,3.6,3.62,2.13,3.75,3.99,2.22,3.54,3.61,2.09
30/04/2022,12:30,Newcastle,Liverpool,0,1,A,0,1,A,4,24,2,10,0,6,11,11,1,3,0,0,8.5,5.0,1.36,7.5,4.75,1.41,8.0,4.6,1.4,8.02,4.99,1.43,8.5,5.1,1.47,7.81,4.87,1.41,6.0,4.33,1.53,6.0,4.33,1.52,6.72,4.32,1.55,7.0,4.55,1.59,6.44,4.34,1.54
30/04/2022,15:00,Aston Villa,Norwich,2,0,H,1,0,H,21,9,6,3,2,3,16,8,4,1,0,0,1.4,4.5,9.0,1.39,4.75,8.0,1.4,4.6,8.0,1.4,5.12,8.47,1.43,5.2,9.0,1.4,4.94,8.3,1.4,4.75,8.5,1.43,4.75,7.0,1.41,5.19,8.08,1.5,5.19,8.7,1.42,4.86,7.86
30/04/2022,15:00,Southampton,Crystal Palace,1,2,A,1,0,H,8,14,3,5,6,7,13,11,1,3,0,0,2.4,3.3,3.1,2.35,3.3,3.0,2.35,3.3,3.0,2.47,3.35,3.13,2.5,3.54,3.14,2.41,3.37,3.05,2.45,3.1,3.0,2.45,3.1,3.0,2.53,3.16,3.22,2.58,3.3,3.4,2.46,3.17,3.15
30/04/2022,15:00,Watford,Burnley,1,2,A,1,0,H,13,17,1,6,5,6,13,9,1,2,0,0,2.6,3.3,2.75,2.65,3.2,2.75,2.62,3.2,2.7,2.71,3.4,2.78,2.78,3.45,2.84,2.68,3.31,2.75,2.6,3.2,2.87,2.6,3.1,2.8,2.71,3.22,2.92,2.76,3.33,2.97,2.63,3.22,2.88
30/04/2022,15:00,Wolves,Brighton,0,3,A,0,1,A,11,17,1,9,7,3,6,4,2,1,0,0,2.7,3.2,2.75,2.7,3.0,2.8,2.7,3.0,2.8,2.77,3.23,2.85,2.88,3.25,2.93,2.75,3.09,2.83,2.7,3.0,3.0,2.75,2.9,2.85,2.81,3.02,2.99,2.88,3.13,3.0,2.76,2.99,2.93
30/04/2022,17:30,Leeds,Man City,0,4,A,0,1,A,7,19,2,6,3,6,13,3,1,2,0,0,8.5,6.0,1.3,9.5,5.5,1.31,10.0,5.5,1.29,9.72,6.15,1.32,11.0,6.3,1.33,9.69,5.85,1.31,8.5,5.75,1.33,10.0,5.5,1.3,9.2,5.8,1.34,11.0,6.1,1.42,9.49,5.74,1.32
01/05/2022,14:00,Everton,Chelsea,1,0,H,0,0,D,9,17,4,5,3,8,9,12,3,5,0,0,5.0,3.6,1.75,4.8,3.7,1.72,4.75,3.6,1.75,4.98,3.77,1.79,5.21,3.88,1.82,4.83,3.71,1.77,5.0,3.75,1.7,5.0,3.7,1.7,5.21,3.94,1.73,5.57,4.05,1.79,5.11,3.86,1.72
01/05/2022,14:00,Tottenham,Leicester,3,1,H,1,0,H,13,6,7,2,7,3,13,8,2,3,0,0,1.44,4.75,7.0,1.46,4.6,6.5,1.44,4.6,6.5,1.45,4.99,7.29,1.49,5.0,7.5,1.46,4.8,6.88,1.33,5.25,9.0,1.38,5.0,7.75,1.38,5.32,9.05,1.42,5.83,10.0,1.36,5.27,8.81
01/05/2022,16:30,West Ham,Arsenal,1,2,A,1,1,D,8,13,3,7,3,7,8,9,2,2,0,0,4.33,3.8,1.8,4.5,3.7,1.77,4.33,3.75,1.78,4.68,3.92,1.8,4.75,4.1,1.84,4.54,3.84,1.79,4.2,4.0,1.8,4.4,3.75,1.77,4.57,3.92,1.83,4.62,4.15,1.92,4.4,3.89,1.81
02/05/2022,20:00,Man United,Brentford,3,0,H,1,0,H,9,12,5,4,3,8,4,6,1,0,0,0,1.72,4.0,4.5,1.75,3.8,4.4,1.73,3.75,4.6,1.78,4.08,4.61,1.82,4.1,4.75,1.76,3.95,4.51,1.72,3.8,4.5,1.7,4.0,4.75,1.8,3.96,4.62,1.87,4.15,5.05,1.76,3.98,4.56
07/05/2022,15:00,Brentford,Southampton,3,0,H,2,0,H,18,19,5,4,4,7,12,9,0,1,0,0,2.15,3.5,3.3,2.15,3.4,3.25,2.05,3.6,3.4,2.25,3.42,3.5,2.28,3.62,3.55,2.21,3.44,3.35,2.1,3.4,3.5,2.1,3.5,3.4,2.11,3.64,3.65,2.16,3.65,3.7,2.11,3.54,3.54
07/05/2022,15:00,Burnley,Aston Villa,1,3,A,0,2,A,14,12,6,7,4,5,13,11,1,2,0,0,3.0,3.3,2.4,2.9,3.3,2.45,2.9,3.3,2.4,3.07,3.34,2.52,3.1,3.51,2.55,3.0,3.33,2.46,3.0,3.2,2.5,3.0,3.1,2.45,3.19,3.21,2.52,3.23,3.34,2.63,3.09,3.17,2.49
07/05/2022,15:00,Chelsea,Wolves,2,2,D,0,0,D,19,14,6,4,9,3,7,11,1,3,0,0,1.33,5.0,9.5,1.36,4.8,9.25,1.33,4.75,10.0,1.36,5.1,10.4,1.39,5.3,11.25,1.36,4.95,9.62,1.4,4.75,8.0,1.39,4.75,8.25,1.38,4.94,9.9,1.42,5.25,11.0,1.37,4.9,9.29
07/05/2022,15:00,Crystal Palace,Watford,1,0,H,1,0,H,15,6,7,1,8,5,11,18,2,1,0,1,1.65,4.0,5.0,1.68,3.75,5.25,1.65,3.8,5.25,1.7,3.95,5.45,1.74,4.05,5.5,1.69,3.89,5.2,1.66,3.8,5.25,1.68,3.7,5.25,1.7,3.89,5.59,1.74,3.95,5.75,1.69,3.84,5.33
07/05/2022,17:30,Brighton,Man United,4,0,H,1,0,H,17,15,6,5,7,6,13,9,0,2,0,0,2.8,3.5,2.45,2.8,3.3,2.5,2.75,3.4,2.5,2.81,3.55,2.61,2.86,3.58,2.67,2.8,3.44,2.56,2.87,3.4,2.45,3.0,3.3,2.35,2.99,3.3,2.6,3.28,3.5,2.6,3.02,3.34,2.46
07/05/2022,19:45,Liverpool,Tottenham,1,1,D,0,0,D,22,8,3,3,11,5,12,8,3,2,0,0,1.4,5.0,7.0,1.46,4.8,6.25,1.42,4.6,7.0,1.46,5.11,6.95,1.5,5.2,7.3,1.46,4.89,6.68,1.4,5.25,6.5,1.43,5.0,6.5,1.43,5.3,7.3,1.51,5.45,7.6,1.43,5.12,7.05
08/05/2022,14:00,Arsenal,Leeds,2,1,H,2,0,H,19,3,9,2,8,2,13,15,2,2,0,1,1.45,4.5,7.0,1.42,5.0,6.75,1.44,4.6,6.5,1.46,5.01,7.04,1.5,5.03,7.31,1.46,4.81,6.77,1.53,4.5,5.5,1.51,4.33,6.0,1.54,4.56,6.38,1.59,4.9,6.6,1.53,4.51,6.21
08/05/2022,14:00,Leicester,Everton,1,2,A,1,2,A,16,10,9,4,6,1,11,6,3,0,0,0,2.6,3.3,2.75,2.45,3.4,2.8,2.5,3.25,2.8,2.71,3.35,2.82,2.72,3.44,3.05,2.61,3.34,2.8,2.6,3.25,2.7,2.6,3.25,2.75,2.74,3.3,2.83,2.79,3.4,2.9,2.68,3.26,2.78
08/05/2022,14:00,Norwich,West Ham,0,4,A,0,3,A,8,13,2,5,9,5,7,7,1,1,0,0,4.5,3.8,1.75,4.4,3.8,1.75,4.2,3.7,1.8,4.68,3.88,1.81,4.7,3.96,1.86,4.51,3.81,1.8,4.5,3.8,1.72,4.75,4.0,1.68,4.94,4.15,1.72,5.14,4.2,1.74,4.88,4.03,1.7
08/05/2022,16:30,Man City,Newcastle,5,0,H,2,0,H,21,7,9,3,8,2,6,11,1,3,0,0,1.16,7.0,17.0,1.16,8.0,16.5,1.17,7.0,17.0,1.19,7.66,17.22,1.2,8.0,21.0,1.18,7.63,17.16,1.16,7.5,15.0,1.18,7.5,15.0,1.17,8.25,18.0,1.22,8.6,21.0,1.18,7.9,16.78
10/05/2022,20:00,Aston Villa,Liverpool,1,2,A,1,1,D,9,17,4,6,2,3,10,12,0,0,0,0,7.5,4.75,1.4,7.0,4.6,1.44,7.5,4.5,1.42,7.54,5.0,1.44,8.0,5.0,1.56,7.35,4.85,1.44,6.25,4.5,1.5,6.0,4.5,1.51,6.6,4.5,1.54,6.84,4.8,1.65,6.37,4.55,1.52
11/05/2022,19:30,Leeds,Chelsea,0,3,A,0,1,A,5,17,0,4,1,5,10,14,1,0,1,0,4.75,4.2,1.65,4.75,4.0,1.66,5.0,4.0,1.63,5.15,4.25,1.68,5.34,4.4,1.7,4.98,4.17,1.67,4.75,4.0,1.7,4.5,4.0,1.68,4.95,4.19,1.71,5.25,4.25,1.77,4.86,4.12,1.69
11/05/2022,19:45,Leicester,Norwich,3,0,H,0,0,D,20,9,8,5,10,2,10,5,0,0,0,0,1.44,4.75,7.0,1.46,4.6,6.75,1.42,4.5,7.5,1.45,5.12,7.2,1.49,5.2,8.0,1.44,4.9,7.02,1.33,5.5,8.5,1.35,5.25,8.25,1.36,5.51,9.35,1.42,6.0,10.25,1.34,5.57,9.13
11/05/2022,19:45,Watford,Everton,0,0,D,0,0,D,6,16,0,5,1,13,5,12,1,2,0,0,4.2,3.6,1.83,4.1,3.6,1.85,4.0,3.6,1.88,4.43,3.73,1.88,4.5,3.89,1.93,4.26,3.68,1.87,5.5,3.75,1.65,5.5,3.7,1.66,6.01,3.79,1.68,6.4,3.94,1.78,5.69,3.77,1.67
11/05/2022,20:15,Wolves,Man City,1,5,A,1,3,A,7,16,3,5,6,2,2,10,0,1,0,0,11.0,6.0,1.25,12.0,5.75,1.26,13.0,5.5,1.25,14.04,5.93,1.26,14.04,6.4,1.29,12.83,5.88,1.26,10.0,5.75,1.28,10.5,6.0,1.27,12.79,6.75,1.25,14.0,6.75,1.33,12.0,6.22,1.26
12/05/2022,19:45,Tottenham,Arsenal,3,0,H,2,0,H,16,8,6,4,2,2,8,15,1,3,0,1,2.05,3.75,3.5,2.05,3.5,3.4,2.1,3.5,3.4,2.18,3.61,3.49,2.2,3.79,3.62,2.12,3.6,3.42,2.2,3.5,3.2,2.25,3.4,3.2,2.32,3.49,3.27,2.38,3.6,3.34,2.28,3.47,3.22
15/05/2022,12:00,Tottenham,Burnley,1,0,H,1,0,H,21,8,8,1,8,2,12,8,3,2,0,0,1.33,5.25,9.0,1.34,5.25,9.0,1.33,5.0,9.0,1.34,5.53,9.3,1.38,5.6,9.71,1.34,5.36,9.11,1.3,5.5,9.5,1.32,5.5,9.5,1.32,5.75,10.72,1.37,5.8,11.5,1.32,5.56,10.15
15/05/2022,14:00,Aston Villa,Crystal Palace,1,1,D,0,0,D,13,16,4,4,1,5,11,15,1,3,0,0,2.0,3.5,3.75,2.05,3.5,3.5,2.0,3.5,3.6,2.09,3.56,3.72,2.15,3.72,3.75,2.06,3.55,3.63,1.8,3.5,4.5,1.83,3.5,4.5,1.87,3.63,4.57,2.09,3.66,4.99,1.88,3.55,4.46
15/05/2022,14:00,Leeds,Brighton,1,1,D,0,1,A,19,16,5,6,8,1,16,8,3,2,0,0,2.62,3.5,2.62,2.6,3.4,2.6,2.7,3.4,2.55,2.75,3.56,2.62,2.8,3.7,2.75,2.67,3.52,2.61,2.62,3.4,2.62,2.6,3.4,2.65,2.73,3.45,2.73,2.78,3.63,2.88,2.67,3.45,2.68
15/05/2022,14:00,Watford,Leicester,1,5,A,1,2,A,13,13,5,7,7,3,4,6,0,1,0,0,3.8,3.5,1.95,3.5,3.6,2.0,3.6,3.5,2.0,3.7,3.8,2.02,3.86,3.84,2.1,3.65,3.68,2.02,5.5,4.0,1.65,5.0,3.9,1.68,5.54,4.01,1.67,5.54,4.2,1.77,5.12,3.95,1.7
15/05/2022,14:00,West Ham,Man City,2,2,D,2,0,H,6,31,2,8,4,9,9,5,3,1,0,0,7.5,5.0,1.4,7.75,5.0,1.38,8.0,5.0,1.36,8.28,5.28,1.39,8.5,5.55,1.42,8.01,5.2,1.38,7.5,5.0,1.4,7.25,5.0,1.39,8.32,5.43,1.39,8.7,5.5,1.45,7.97,5.2,1.39
15/05/2022,14:00,Wolves,Norwich,1,1,D,0,1,A,17,11,4,2,5,3,5,10,0,3,0,0,1.45,4.75,6.5,1.46,4.4,7.0,1.44,4.33,7.5,1.49,4.56,7.12,1.5,4.8,8.0,1.46,4.58,7.25,1.55,4.5,5.75,1.53,4.2,5.75,1.57,4.44,5.9,1.58,4.7,7.0,1.54,4.44,6.04
15/05/2022,16:30,Everton,Brentford,2,3,A,2,1,H,10,18,5,7,5,2,8,8,0,3,2,0,2.05,3.6,3.5,2.1,3.5,3.4,2.1,3.4,3.4,2.13,3.62,3.55,2.18,3.65,3.75,2.1,3.55,3.53,1.85,3.5,4.2,1.9,3.6,4.0,1.93,3.64,4.32,1.99,3.84,4.72,1.91,3.61,4.21
16/05/2022,20:00,Newcastle,Arsenal,2,0,H,0,0,D,16,11,4,2,12,8,11,8,0,3,0,0,4.33,3.6,1.83,4.0,3.6,1.87,4.0,3.6,1.88,4.31,3.72,1.89,4.33,3.98,1.95,4.14,3.68,1.88,4.2,3.75,1.83,4.2,3.75,1.82,4.31,3.85,1.81,4.8,4.1,1.93,4.29,3.82,1.84
17/05/2022,19:45,Southampton,Liverpool,1,2,A,1,1,D,4,24,2,5,1,9,6,6,2,0,0,0,7.5,5.5,1.33,7.75,5.25,1.36,8.5,5.0,1.35,8.15,5.53,1.38,9.0,5.8,1.42,8.02,5.49,1.37,6.5,5.0,1.44,6.5,4.75,1.46,6.93,5.24,1.45,7.3,5.25,1.57,6.64,4.91,1.47
19/05/2022,19:45,Everton,Crystal Palace,3,2,H,0,2,A,12,7,6,5,4,5,9,13,2,3,0,0,1.9,3.4,4.33,1.93,3.4,4.0,1.95,3.3,4.2,1.98,3.46,4.25,2.01,3.66,4.5,1.95,3.47,4.16,1.85,3.5,4.33,1.87,3.3,4.5,1.9,3.54,4.64,1.9,3.9,4.95,1.86,3.51,4.62
19/05/2022,20:00,Aston Villa,Burnley,1,1,D,0,1,A,22,10,9,5,13,6,11,20,0,1,0,1,2.05,3.5,3.6,1.98,3.5,3.7,2.0,3.4,3.7,2.07,3.59,3.75,2.12,3.7,3.9,2.05,3.56,3.7,1.95,3.5,3.8,2.05,3.3,3.7,2.04,3.46,4.1,2.11,3.91,4.1,2.04,3.45,3.88
19/05/2022,20:00,Chelsea,Leicester,1,1,D,1,1,D,20,2,7,1,6,0,13,7,4,1,0,0,1.4,4.75,8.0,1.38,4.75,8.5,1.35,4.75,9.0,1.39,4.97,9.07,1.42,5.4,9.25,1.38,4.91,8.66,1.4,4.75,8.0,1.44,4.75,6.75,1.44,4.87,7.49,1.48,5.26,8.17,1.42,4.94,7.48
22/05/2022,16:00,Arsenal,Everton,5,1,H,2,1,H,26,6,9,2,12,2,8,9,0,1,0,0,1.36,4.75,9.0,1.38,5.0,7.75,1.35,4.75,9.0,1.37,5.13,9.24,1.4,5.5,9.6,1.37,5.15,8.69,1.33,5.25,8.5,1.34,5.5,8.25,1.36,5.61,8.84,1.4,5.88,10.0,1.34,5.54,8.95
22/05/2022,16:00,Brentford,Leeds,1,2,A,0,0,D,14,14,5,6,3,2,11,13,2,1,1,0,2.45,3.8,2.62,2.4,3.6,2.75,2.4,3.6,2.75,2.38,3.9,2.85,2.48,3.92,2.88,2.41,3.76,2.79,2.3,3.8,2.8,2.3,3.7,2.8,2.38,3.9,2.89,2.43,3.94,3.12,2.33,3.8,2.88
22/05/2022,16:00,Brighton,West Ham,3,1,H,0,1,A,18,7,7,2,5,6,9,9,1,1,0,0,2.37,3.5,2.9,2.35,3.5,2.87,2.4,3.4,2.88,2.38,3.69,2.97,2.5,3.7,3.0,2.4,3.57,2.91,2.6,3.4,2.62,2.6,3.4,2.6,2.75,3.4,2.74,2.9,3.6,2.86,2.66,3.47,2.68
22/05/2022,16:00,Burnley,Newcastle,1,2,A,0,1,A,12,8,5,6,8,2,8,9,1,0,0,0,2.25,3.4,3.2,2.15,3.4,3.25,2.2,3.3,3.3,2.27,3.51,3.3,2.34,3.62,3.37,2.24,3.48,3.25,2.45,3.3,2.9,2.45,3.2,2.95,2.55,3.31,3.05,2.6,3.67,3.2,2.48,3.28,3.03
22/05/2022,16:00,Chelsea,Watford,2,1,H,1,0,H,19,8,8,3,3,3,9,9,0,0,0,0,1.18,7.5,15.0,1.18,7.5,15.5,1.15,7.0,19.0,1.16,8.35,18.77,1.22,8.7,20.0,1.17,7.89,17.63,1.2,7.0,13.0,1.2,7.0,14.0,1.18,7.58,17.72,1.22,8.3,19.0,1.19,7.51,16.11
22/05/2022,16:00,Crystal Palace,Man United,1,0,H,1,0,H,6,10,3,4,3,6,12,22,2,4,0,0,3.0,3.6,2.25,3.0,3.5,2.25,3.0,3.5,2.25,3.15,3.79,2.24,3.23,3.81,2.35,3.1,3.66,2.25,2.7,3.5,2.5,2.75,3.4,2.45,2.82,3.57,2.59,3.01,3.65,2.64,2.81,3.49,2.53
22/05/2022,16:00,Leicester,Southampton,4,1,H,0,0,D,12,7,6,2,3,3,10,5,0,1,0,0,1.85,4.0,3.8,1.85,3.9,3.8,1.88,3.8,3.75,1.88,4.13,3.91,1.95,4.25,4.0,1.88,4.03,3.86,1.65,4.33,4.5,1.71,4.1,4.4,1.7,4.39,4.67,1.77,4.45,4.8,1.71,4.29,4.52
22/05/2022,16:00,Liverpool,Wolves,3,1,H,1,1,D,29,7,8,5,5,3,6,3,1,0,0,0,1.14,8.5,15.0,1.16,7.75,15.0,1.15,7.0,19.0,1.15,8.49,21.36,1.19,8.8,23.0,1.16,8.12,18.95,1.12,9.0,17.0,1.13,8.75,16.5,1.14,9.75,19.0,1.17,10.9,24.0,1.14,9.22,19.12
22/05/2022,16:00,Man City,Aston Villa,3,2,H,0,1,A,24,4,5,2,13,1,5,11,0,1,0,0,1.16,8.0,17.0,1.17,8.0,15.0,1.15,7.0,19.0,1.15,8.74,20.27,1.2,9.1,24.0,1.16,8.18,18.24,1.18,7.5,13.0,1.18,8.0,14.0,1.17,8.4,17.0,1.2,8.8,19.0,1.17,8.27,15.87
22/05/2022,16:00,Norwich,Tottenham,0,5,A,0,2,A,9,19,0,13,3,2,13,7,3,1,0,0,9.5,6.5,1.25,11.0,6.5,1.24,10.0,6.0,1.25,11.2,6.23,1.27,13.0,7.0,1.29,11.19,6.45,1.26,8.5,5.25,1.33,9.5,5.5,1.31,9.82,5.51,1.34,12.0,6.25,1.36,9.99,5.59,1.31
